position,rank,expected_ppg,dataset,season_count,player_count,environment_key
QB,1,23.970256009669168,fitted,,,1qb_half_ppr
QB,2,22.963016495589617,fitted,,,1qb_half_ppr
QB,3,21.998101579057707,fitted,,,1qb_half_ppr
QB,4,21.0737327639635,fitted,,,1qb_half_ppr
QB,5,20.188206287297806,fitted,,,1qb_half_ppr
QB,6,19.339889978838144,fitted,,,1qb_half_ppr
QB,7,18.527220252791867,fitted,,,1qb_half_ppr
QB,8,17.748699225851677,fitted,,,1qb_half_ppr
QB,9,17.002891956351526,fitted,,,1qb_half_ppr
QB,10,16.28842379943429,fitted,,,1qb_half_ppr
QB,11,15.603977873356323,fitted,,,1qb_half_ppr
QB,12,14.948292632258873,fitted,,,1qb_half_ppr
QB,13,14.320159540932613,fitted,,,1qb_half_ppr
QB,14,13.718420847289444,fitted,,,1qb_half_ppr
QB,15,13.141967448435933,fitted,,,1qb_half_ppr
QB,16,12.58973684641515,fitted,,,1qb_half_ppr
QB,17,12.060711189849053,fitted,,,1qb_half_ppr
QB,18,11.553915397871819,fitted,,,1qb_half_ppr
QB,19,11.068415362896209,fitted,,,1qb_half_ppr
QB,20,10.603316228900432,fitted,,,1qb_half_ppr
QB,21,10.15776074206202,fitted,,,1qb_half_ppr
QB,22,9.730927670698753,fitted,,,1qb_half_ppr
QB,23,9.322030291604255,fitted,,,1qb_half_ppr
QB,24,8.93031493998837,fitted,,,1qb_half_ppr
QB,25,8.555059620349612,fitted,,,1qb_half_ppr
QB,26,8.195572675719292,fitted,,,1qb_half_ppr
QB,27,7.851191512824524,fitted,,,1qb_half_ppr
QB,28,7.5212813808203896,fitted,,,1qb_half_ppr
QB,29,7.205234201340238,fitted,,,1qb_half_ppr
QB,30,6.9024674477077435,fitted,,,1qb_half_ppr
QB,31,6.612423071244905,fitted,,,1qb_half_ppr
QB,32,6.334566472697002,fitted,,,1qb_half_ppr
QB,33,6.068385516878666,fitted,,,1qb_half_ppr
QB,34,5.813389588724929,fitted,,,1qb_half_ppr
QB,35,5.569108689007362,fitted,,,1qb_half_ppr
QB,36,5.335092568048569,fitted,,,1qb_half_ppr
QB,37,5.11090989583835,fitted,,,1qb_half_ppr
QB,38,4.896147467021903,fitted,,,1qb_half_ppr
QB,39,4.69040943929472,fitted,,,1qb_half_ppr
QB,40,4.493316603800446,fitted,,,1qb_half_ppr
QB,41,4.3045056861868884,fitted,,,1qb_half_ppr
QB,42,4.123628677031934,fitted,,,1qb_half_ppr
QB,43,3.9503521904052277,fitted,,,1qb_half_ppr
QB,44,3.7843568493833457,fitted,,,1qb_half_ppr
QB,45,3.6253366973858485,fitted,,,1qb_half_ppr
QB,46,3.472998634247235,fitted,,,1qb_half_ppr
QB,47,3.32706187598537,fitted,,,1qb_half_ppr
QB,48,3.187257437270643,fitted,,,1qb_half_ppr
QB,49,3.053327635641994,fitted,,,1qb_half_ppr
QB,50,2.925025616555959,fitted,,,1qb_half_ppr
QB,51,2.8021148983933495,fitted,,,1qb_half_ppr
QB,52,2.6843689365849195,fitted,,,1qb_half_ppr
QB,53,2.5715707060526554,fitted,,,1qb_half_ppr
QB,54,2.4635123011970355,fitted,,,1qb_half_ppr
QB,55,2.3599945526929824,fitted,,,1qb_half_ppr
QB,56,2.2608266603882026,fitted,,,1qb_half_ppr
QB,57,2.16582584162728,fitted,,,1qb_half_ppr
QB,58,2.0748169943533243,fitted,,,1qb_half_ppr
QB,59,1.987632374366227,fitted,,,1qb_half_ppr
QB,60,1.904111286142645,fitted,,,1qb_half_ppr
QB,61,1.8240997866478514,fitted,,,1qb_half_ppr
QB,62,1.7474504015935297,fitted,,,1qb_half_ppr
QB,63,1.6740218536185238,fitted,,,1qb_half_ppr
QB,64,1.6036788018915369,fitted,,,1qb_half_ppr
QB,65,1.5362915926558351,fitted,,,1qb_half_ppr
QB,66,1.4717360202561507,fitted,,,1qb_half_ppr
QB,67,1.4098930982073328,fitted,,,1qb_half_ppr
QB,68,1.350648839882782,fitted,,,1qb_half_ppr
QB,69,1.293894048418441,fitted,,,1qb_half_ppr
QB,70,1.2395241154451049,fitted,,,1qb_half_ppr
QB,71,1.187438828278076,fitted,,,1qb_half_ppr
QB,72,1.1375421852087844,fitted,,,1qb_half_ppr
QB,73,1.0897422185579275,fitted,,,1qb_half_ppr
QB,74,1.043950825163986,fitted,,,1qb_half_ppr
QB,75,1.0000836039946766,fitted,,,1qb_half_ppr
QB,76,0.9580597005820394,fitted,,,1qb_half_ppr
QB,77,0.9178016579944176,fitted,,,1qb_half_ppr
QB,78,0.8792352740706582,fitted,,,1qb_half_ppr
QB,79,0.8422894646533828,fitted,,,1qb_half_ppr
QB,80,0.8068961325692546,fitted,,,1qb_half_ppr
RB,1,17.88182115607786,fitted,,,1qb_half_ppr
RB,2,17.356636399176296,fitted,,,1qb_half_ppr
RB,3,16.846876191400593,fitted,,,1qb_half_ppr
RB,4,16.3520875174783,fitted,,,1qb_half_ppr
RB,5,15.871830667085797,fitted,,,1qb_half_ppr
RB,6,15.40567884408521,fitted,,,1qb_half_ppr
RB,7,14.953217787237852,fitted,,,1qb_half_ppr
RB,8,14.514045402057308,fitted,,,1qb_half_ppr
RB,9,14.08777140347485,fitted,,,1qb_half_ppr
RB,10,13.674016968999704,fitted,,,1qb_half_ppr
RB,11,13.272414402065907,fitted,,,1qb_half_ppr
RB,12,12.882606805266596,fitted,,,1qb_half_ppr
RB,13,12.504247763185319,fitted,,,1qb_half_ppr
RB,14,12.137001034542509,fitted,,,1qb_half_ppr
RB,15,11.780540253383556,fitted,,,1qb_half_ppr
RB,16,11.434548639042896,fitted,,,1qb_half_ppr
RB,17,11.098718714626408,fitted,,,1qb_half_ppr
RB,18,10.772752033761876,fitted,,,1qb_half_ppr
RB,19,10.456358915374768,fitted,,,1qb_half_ppr
RB,20,10.149258186253556,fitted,,,1qb_half_ppr
RB,21,9.851176931175852,fitted,,,1qb_half_ppr
RB,22,9.561850250373244,fitted,,,1qb_half_ppr
RB,23,9.281021024119376,fitted,,,1qb_half_ppr
RB,24,9.008439684231982,fitted,,,1qb_half_ppr
RB,25,8.74386399228588,fitted,,,1qb_half_ppr
RB,26,8.487058824339764,fitted,,,1qb_half_ppr
RB,27,8.237795961985547,fitted,,,1qb_half_ppr
RB,28,7.9958538895345255,fitted,,,1qb_half_ppr
RB,29,7.761017597160115,fitted,,,1qb_half_ppr
RB,30,7.533078389822282,fitted,,,1qb_half_ppr
RB,31,7.3118337018037725,fitted,,,1qb_half_ppr
RB,32,7.097086916693396,fitted,,,1qb_half_ppr
RB,33,6.888647192656338,fitted,,,1qb_half_ppr
RB,34,6.686329292836264,fitted,,,1qb_half_ppr
RB,35,6.489953420738446,fitted,,,1qb_half_ppr
RB,36,6.299345060447665,fitted,,,1qb_half_ppr
RB,37,6.114334821538874,fitted,,,1qb_half_ppr
RB,38,5.934758288542781,fitted,,,1qb_half_ppr
RB,39,5.760455874832615,fitted,,,1qb_half_ppr
RB,40,5.591272680802187,fitted,,,1qb_half_ppr
RB,41,5.427058356209226,fitted,,,1qb_half_ppr
RB,42,5.267666966561669,fitted,,,1qb_half_ppr
RB,43,5.112956863428143,fitted,,,1qb_half_ppr
RB,44,4.962790558557401,fitted,,,1qb_half_ppr
RB,45,4.817034601694838,fitted,,,1qb_half_ppr
RB,46,4.675559461987514,fitted,,,1qb_half_ppr
RB,47,4.538239412872263,fitted,,,1qb_half_ppr
RB,48,4.404952420344643,fitted,,,1qb_half_ppr
RB,49,4.2755800345093595,fitted,,,1qb_half_ppr
RB,50,4.150007284315861,fitted,,,1qb_half_ppr
RB,51,4.028122575385511,fitted,,,1qb_half_ppr
RB,52,3.9098175908395447,fitted,,,1qb_half_ppr
RB,53,3.7949871950396963,fitted,,,1qb_half_ppr
RB,54,3.683529340155937,fitted,,,1qb_half_ppr
RB,55,3.5753449754782913,fitted,,,1qb_half_ppr
RB,56,3.4703379593921486,fitted,,,1qb_half_ppr
RB,57,3.368414973938838,fitted,,,1qb_half_ppr
RB,58,3.269485441885535,fitted,,,1qb_half_ppr
RB,59,3.173461446230806,fitted,,,1qb_half_ppr
RB,60,3.0802576520742626,fitted,,,1qb_half_ppr
RB,61,2.989791230780872,fitted,,,1qb_half_ppr
RB,62,2.901981786372556,fitted,,,1qb_half_ppr
RB,63,2.8167512840816413,fitted,,,1qb_half_ppr
RB,64,2.7340239810026827,fitted,,,1qb_half_ppr
RB,65,2.6537263587810282,fitted,,,1qb_half_ppr
RB,66,2.5757870582782956,fitted,,,1qb_half_ppr
RB,67,2.500136816156715,fitted,,,1qb_half_ppr
RB,68,2.426708403325977,fitted,,,1qb_half_ppr
RB,69,2.3554365651978713,fitted,,,1qb_half_ppr
RB,70,2.2862579636956393,fitted,,,1qb_half_ppr
RB,71,2.2191111209664993,fitted,,,1qb_half_ppr
RB,72,2.1539363647473198,fitted,,,1qb_half_ppr
RB,73,2.090675775334884,fitted,,,1qb_half_ppr
RB,74,2.0292731341136325,fitted,,,1qb_half_ppr
RB,75,1.9696738735951311,fitted,,,1qb_half_ppr
RB,76,1.9118250289248655,fitted,,,1qb_half_ppr
RB,77,1.8556751908132723,fitted,,,1qb_half_ppr
RB,78,1.8011744598491735,fitted,,,1qb_half_ppr
RB,79,1.7482744021550125,fitted,,,1qb_half_ppr
RB,80,1.6969280063444871,fitted,,,1qb_half_ppr
RB,81,1.6470896417443264,fitted,,,1qb_half_ppr
RB,82,1.5987150178430818,fitted,,,1qb_half_ppr
RB,83,1.5517611449309028,fitted,,,1qb_half_ppr
RB,84,1.506186295895304,fitted,,,1qb_half_ppr
RB,85,1.4619499691389894,fitted,,,1qb_half_ppr
RB,86,1.4190128525867678,fitted,,,1qb_half_ppr
RB,87,1.3773367887495747,fitted,,,1qb_half_ppr
RB,88,1.3368847408145592,fitted,,,1qb_half_ppr
RB,89,1.297620759731097,fitted,,,1qb_half_ppr
RB,90,1.2595099522634714,fitted,,,1qb_half_ppr
RB,91,1.2225184499818504,fitted,,,1qb_half_ppr
RB,92,1.1866133791639846,fitted,,,1qb_half_ppr
RB,93,1.151762831580884,fitted,,,1qb_half_ppr
RB,94,1.1179358361405194,fitted,,,1qb_half_ppr
RB,95,1.0851023313643327,fitted,,,1qb_half_ppr
RB,96,1.0532331386721108,fitted,,,1qb_half_ppr
RB,97,1.0222999364514762,fitted,,,1qb_half_ppr
RB,98,0.9922752348889475,fitted,,,1qb_half_ppr
RB,99,0.963132351540208,fitted,,,1qb_half_ppr
RB,100,0.9348453876178702,fitted,,,1qb_half_ppr
RB,101,0.9073892049756587,fitted,,,1qb_half_ppr
RB,102,0.880739403768567,fitted,,,1qb_half_ppr
RB,103,0.8548723007691277,fitted,,,1qb_half_ppr
RB,104,0.8297649083205278,fitted,,,1qb_half_ppr
RB,105,0.8053949139078702,fitted,,,1qb_half_ppr
RB,106,0.7817406603294147,fitted,,,1qb_half_ppr
RB,107,0.758781126450192,fitted,,,1qb_half_ppr
RB,108,0.7364959085208767,fitted,,,1qb_half_ppr
RB,109,0.7148652020453194,fitted,,,1qb_half_ppr
RB,110,0.6938697841806265,fitted,,,1qb_half_ppr
RB,111,0.6734909966541456,fitted,,,1qb_half_ppr
RB,112,0.6537107291821731,fitted,,,1qb_half_ppr
RB,113,0.6345114033756519,fitted,,,1qb_half_ppr
RB,114,0.6158759571185549,fitted,,,1qb_half_ppr
RB,115,0.5977878294050706,fitted,,,1qb_half_ppr
RB,116,0.5802309456221171,fitted,,,1qb_half_ppr
RB,117,0.563189703264107,fitted,,,1qb_half_ppr
RB,118,0.5466489580672628,fitted,,,1qb_half_ppr
RB,119,0.5305940105511667,fitted,,,1qb_half_ppr
RB,120,0.515010592955581,fitted,,,1qb_half_ppr
RB,121,0.49988485656093107,fitted,,,1qb_half_ppr
WR,1,14.913977677707209,fitted,,,1qb_half_ppr
WR,2,14.646099039508583,fitted,,,1qb_half_ppr
WR,3,14.383031925529306,fitted,,,1qb_half_ppr
WR,4,14.124689913180895,fitted,,,1qb_half_ppr
WR,5,13.870988132161301,fitted,,,1qb_half_ppr
WR,6,13.621843236573397,fitted,,,1qb_half_ppr
WR,7,13.377173377544251,fitted,,,1qb_half_ppr
WR,8,13.136898176336201,fitted,,,1qb_half_ppr
WR,9,12.9009386979409,fitted,,,1qb_half_ppr
WR,10,12.669217425147652,fitted,,,1qb_half_ppr
WR,11,12.441658233077531,fitted,,,1qb_half_ppr
WR,12,12.218186364174889,fitted,,,1qb_half_ppr
WR,13,11.998728403648064,fitted,,,1qb_half_ppr
WR,14,11.783212255351229,fitted,,,1qb_half_ppr
WR,15,11.571567118099415,fitted,,,1qb_half_ppr
WR,16,11.363723462408961,fitted,,,1qb_half_ppr
WR,17,11.159613007655759,fitted,,,1qb_half_ppr
WR,18,10.959168699643756,fitted,,,1qb_half_ppr
WR,19,10.762324688576353,fitted,,,1qb_half_ppr
WR,20,10.569016307423505,fitted,,,1qb_half_ppr
WR,21,10.379180050677348,fitted,,,1qb_half_ppr
WR,22,10.192753553489426,fitted,,,1qb_half_ppr
WR,23,10.00967557118265,fitted,,,1qb_half_ppr
WR,24,9.829885959131232,fitted,,,1qb_half_ppr
WR,25,9.65332565300204,fitted,,,1qb_half_ppr
WR,26,9.479936649350831,fitted,,,1qb_half_ppr
WR,27,9.309661986566988,fitted,,,1qb_half_ppr
WR,28,9.142445726160563,fitted,,,1qb_half_ppr
WR,29,8.978232934385401,fitted,,,1qb_half_ppr
WR,30,8.816969664192351,fitted,,,1qb_half_ppr
WR,31,8.658602937506627,fitted,,,1qb_half_ppr
WR,32,8.503080727823496,fitted,,,1qb_half_ppr
WR,33,8.350351943116577,fitted,,,1qb_half_ppr
WR,34,8.200366409053123,fitted,,,1qb_half_ppr
WR,35,8.053074852510804,fitted,,,1qb_half_ppr
WR,36,7.908428885390525,fitted,,,1qb_half_ppr
WR,37,7.766380988720026,fitted,,,1qb_half_ppr
WR,38,7.6268844970429726,fitted,,,1qb_half_ppr
WR,39,7.489893583088476,fitted,,,1qb_half_ppr
WR,40,7.355363242715938,fitted,,,1qb_half_ppr
WR,41,7.223249280130345,fitted,,,1qb_half_ppr
WR,42,7.093508293363091,fitted,,,1qb_half_ppr
WR,43,6.966097660013605,fitted,,,1qb_half_ppr
WR,44,6.840975523247073,fitted,,,1qb_half_ppr
WR,45,6.7181007780436675,fitted,,,1qb_half_ppr
WR,46,6.597433057694756,fitted,,,1qb_half_ppr
WR,47,6.478932720541672,fitted,,,1qb_half_ppr
WR,48,6.362560836952662,fitted,,,1qb_half_ppr
WR,49,6.248279176533762,fitted,,,1qb_half_ppr
WR,50,6.136050195569374,fitted,,,1qb_half_ppr
WR,51,6.025837024688443,fitted,,,1qb_half_ppr
WR,52,5.917603456752155,fitted,,,1qb_half_ppr
WR,53,5.811313934959203,fitted,,,1qb_half_ppr
WR,54,5.7069335411646955,fitted,,,1qb_half_ppr
WR,55,5.604427984408874,fitted,,,1qb_half_ppr
WR,56,5.5037635896518795,fitted,,,1qb_half_ppr
WR,57,5.404907286710854,fitted,,,1qb_half_ppr
WR,58,5.3078265993957485,fitted,,,1qb_half_ppr
WR,59,5.212489634840283,fitted,,,1qb_half_ppr
WR,60,5.118865073024516,fitted,,,1qb_half_ppr
WR,61,5.026922156485624,fitted,,,1qb_half_ppr
WR,62,4.936630680213487,fitted,,,1qb_half_ppr
WR,63,4.847960981727762,fitted,,,1qb_half_ppr
WR,64,4.7608839313331845,fitted,,,1qb_half_ppr
WR,65,4.675370922549916,fitted,,,1qb_half_ppr
WR,66,4.591393862715756,fitted,,,1qb_half_ppr
WR,67,4.5089251637571754,fitted,,,1qb_half_ppr
WR,68,4.427937733126096,fitted,,,1qb_half_ppr
WR,69,4.348404964899471,fitted,,,1qb_half_ppr
WR,70,4.270300731038736,fitted,,,1qb_half_ppr
WR,71,4.193599372806241,fitted,,,1qb_half_ppr
WR,72,4.118275692335864,fitted,,,1qb_half_ppr
WR,73,4.044304944355032,fitted,,,1qb_half_ppr
WR,74,3.9716628280554214,fitted,,,1qb_half_ppr
WR,75,3.90032547910968,fitted,,,1qb_half_ppr
WR,76,3.830269461831537,fitted,,,1qb_half_ppr
WR,77,3.761471761476727,fitted,,,1qb_half_ppr
WR,78,3.693909776682213,fitted,,,1qb_half_ppr
WR,79,3.6275613120411987,fitted,,,1qb_half_ppr
WR,80,3.5624045708115175,fitted,,,1qb_half_ppr
WR,81,3.4984181477549785,fitted,,,1qb_half_ppr
WR,82,3.4355810221053416,fitted,,,1qb_half_ppr
WR,83,3.3738725506625897,fitted,,,1qb_half_ppr
WR,84,3.3132724610112443,fitted,,,1qb_half_ppr
WR,85,3.2537608448604853,fitted,,,1qb_half_ppr
WR,86,3.1953181515038973,fitted,,,1qb_half_ppr
WR,87,3.1379251813966893,fitted,,,1qb_half_ppr
WR,88,3.0815630798482743,fitted,,,1qb_half_ppr
WR,89,3.0262133308281443,fitted,,,1qb_half_ppr
WR,90,2.9718577508829958,fitted,,,1qb_half_ppr
WR,91,2.9184784831631205,fitted,,,1qb_half_ppr
WR,92,2.8660579915560875,fitted,,,1qb_half_ppr
WR,93,2.8145790549257916,fitted,,,1qb_half_ppr
WR,94,2.764024761454983,fitted,,,1qb_half_ppr
WR,95,2.7143785030894096,fitted,,,1qb_half_ppr
WR,96,2.6656239700817537,fitted,,,1qb_half_ppr
WR,97,2.6177451456335668,fitted,,,1qb_half_ppr
WR,98,2.570726300633446,fitted,,,1qb_half_ppr
WR,99,2.524551988489715,fitted,,,1qb_half_ppr
WR,100,2.4792070400559294,fitted,,,1qb_half_ppr
WR,101,2.4346765586475163,fitted,,,1qb_half_ppr
WR,102,2.3909459151479293,fitted,,,1qb_half_ppr
WR,103,2.3480007432027037,fitted,,,1qb_half_ppr
WR,104,2.305826934499833,fitted,,,1qb_half_ppr
WR,105,2.26441063413492,fitted,,,1qb_half_ppr
WR,106,2.2237382360595728,fitted,,,1qb_half_ppr
WR,107,2.183796378611558,fitted,,,1qb_half_ppr
WR,108,2.144571940125239,fitted,,,1qb_half_ppr
WR,109,2.1060520346208578,fitted,,,1qb_half_ppr
WR,110,2.0682240075712417,fitted,,,1qb_half_ppr
WR,111,2.03107543174455,fitted,,,1qb_half_ppr
WR,112,1.9945941031216912,fitted,,,1qb_half_ppr
WR,113,1.9587680368870664,fitted,,,1qb_half_ppr
WR,114,1.92358546349133,fitted,,,1qb_half_ppr
WR,115,1.889034824784866,fitted,,,1qb_half_ppr
WR,116,1.8551047702207137,fitted,,,1qb_half_ppr
WR,117,1.8217841531256982,fitted,,,1qb_half_ppr
WR,118,1.7890620270385296,fitted,,,1qb_half_ppr
WR,119,1.7569276421136866,fitted,,,1qb_half_ppr
WR,120,1.7253704415898827,fitted,,,1qb_half_ppr
WR,121,1.6943800583219688,fitted,,,1qb_half_ppr
WR,122,1.6639463113751263,fitted,,,1qb_half_ppr
WR,123,1.6340592026802363,fitted,,,1qb_half_ppr
WR,124,1.6047089137493216,fitted,,,1qb_half_ppr
WR,125,1.5758858024499862,fitted,,,1qb_half_ppr
WR,126,1.547580399837787,fitted,,,1qb_half_ppr
WR,127,1.5197834070455083,fitted,,,1qb_half_ppr
WR,128,1.4924856922283027,fitted,,,1qb_half_ppr
WR,129,1.4656782875637064,fitted,,,1qb_half_ppr
WR,130,1.439352386305537,fitted,,,1qb_half_ppr
WR,131,1.4134993398907092,fitted,,,1qb_half_ppr
WR,132,1.3881106550980151,fitted,,,1qb_half_ppr
WR,133,1.3631779912579398,fitted,,,1qb_half_ppr
WR,134,1.3386931575125907,fitted,,,1qb_half_ppr
WR,135,1.3146481101248422,fitted,,,1qb_half_ppr
WR,136,1.2910349498358171,fitted,,,1qb_half_ppr
WR,137,1.2678459192698266,fitted,,,1qb_half_ppr
WR,138,1.245073400385924,fitted,,,1qb_half_ppr
WR,139,1.2227099119752325,fitted,,,1qb_half_ppr
WR,140,1.2007481072032247,fitted,,,1qb_half_ppr
WR,141,1.1791807711961462,fitted,,,1qb_half_ppr
WR,142,1.1580008186707926,fitted,,,1qb_half_ppr
WR,143,1.137201291606855,fitted,,,1qb_half_ppr
WR,144,1.1167753569610823,fitted,,,1qb_half_ppr
WR,145,1.09671630442249,fitted,,,1qb_half_ppr
WR,146,1.0770175442078982,fitted,,,1qb_half_ppr
WR,147,1.05767260489706,fitted,,,1qb_half_ppr
WR,148,1.038675131306676,fitted,,,1qb_half_ppr
WR,149,1.020018882402595,fitted,,,1qb_half_ppr
WR,150,1.0016977292495146,fitted,,,1qb_half_ppr
WR,151,0.9837056529975096,fitted,,,1qb_half_ppr
WR,152,0.966036742904721,fitted,,,1qb_half_ppr
WR,153,0.9486851943955684,fitted,,,1qb_half_ppr
WR,154,0.9316453071538334,fitted,,,1qb_half_ppr
WR,155,0.9149114832499962,fitted,,,1qb_half_ppr
WR,156,0.8984782253022094,fitted,,,1qb_half_ppr
TE,1,11.180760476750127,fitted,,,1qb_half_ppr
TE,2,10.70420284530143,fitted,,,1qb_half_ppr
TE,3,10.247957533087568,fitted,,,1qb_half_ppr
TE,4,9.811158767984733,fitted,,,1qb_half_ppr
TE,5,9.392977679680355,fitted,,,1qb_half_ppr
TE,6,8.99262072680696,fitted,,,1qb_half_ppr
TE,7,8.60932819111629,fitted,,,1qb_half_ppr
TE,8,8.242372735836254,fitted,,,1qb_half_ppr
TE,9,7.8910580254750515,fitted,,,1qb_half_ppr
TE,10,7.5547174044533865,fitted,,,1qb_half_ppr
TE,11,7.232712632057347,fitted,,,1qb_half_ppr
TE,12,6.924432671311403,fitted,,,1qb_half_ppr
TE,13,6.629292529473277,fitted,,,1qb_half_ppr
TE,14,6.346732147950409,fitted,,,1qb_half_ppr
TE,15,6.076215339531515,fitted,,,1qb_half_ppr
TE,16,5.817228770916545,fitted,,,1qb_half_ppr
TE,17,5.5692809886142625,fitted,,,1qb_half_ppr
TE,18,5.331901486358999,fitted,,,1qb_half_ppr
TE,19,5.104639812276915,fitted,,,1qb_half_ppr
TE,20,4.8870647141075185,fitted,,,1qb_half_ppr
TE,21,4.678763320858413,fitted,,,1qb_half_ppr
TE,22,4.479340359340376,fitted,,,1qb_half_ppr
TE,23,4.288417404096075,fitted,,,1qb_half_ppr
TE,24,4.105632159299075,fitted,,,1qb_half_ppr
TE,25,3.9306377712604648,fitted,,,1qb_half_ppr
TE,26,3.7631021702385254,fitted,,,1qb_half_ppr
TE,27,3.602707440302446,fitted,,,1qb_half_ppr
TE,28,3.449149216054342,fitted,,,1qb_half_ppr
TE,29,3.302136105064797,fitted,,,1qb_half_ppr
TE,30,3.161389134925935,fitted,,,1qb_half_ppr
TE,31,3.026641223872763,fitted,,,1qb_half_ppr
TE,32,2.897636673968208,fitted,,,1qb_half_ppr
TE,33,2.7741306858901456,fitted,,,1qb_half_ppr
TE,34,2.655888894399659,fitted,,,1qb_half_ppr
TE,35,2.5426869236090375,fitted,,,1qb_half_ppr
TE,36,2.43430996120559,fitted,,,1qb_half_ppr
TE,37,2.330552350823322,fitted,,,1qb_half_ppr
TE,38,2.2312172017889527,fitted,,,1qb_half_ppr
TE,39,2.1361160155017385,fitted,,,1qb_half_ppr
TE,40,2.045068327738103,fitted,,,1qb_half_ppr
TE,41,1.9579013662023257,fitted,,,1qb_half_ppr
TE,42,1.8744497226734451,fitted,,,1qb_half_ppr
TE,43,1.7945550391262508,fitted,,,1qb_half_ppr
TE,44,1.718065707230742,fitted,,,1qb_half_ppr
TE,45,1.6448365806598182,fitted,,,1qb_half_ppr
TE,46,1.574728699659289,fitted,,,1qb_half_ppr
TE,47,1.5076090273575313,fitted,,,1qb_half_ppr
TE,48,1.4433501973144238,fitted,,,1qb_half_ppr
TE,49,1.3818302718305084,fitted,,,1qb_half_ppr
TE,50,1.3229325105577379,fitted,,,1qb_half_ppr
TE,51,1.26654514897273,fitted,,,1qb_half_ppr
TE,52,1.2125611862921588,fitted,,,1qb_half_ppr
TE,53,1.1608781824278298,fitted,,,1qb_half_ppr
TE,54,1.1113980635961382,fitted,,,1qb_half_ppr
TE,55,1.0640269362130397,fitted,,,1qb_half_ppr
TE,56,1.018674908721374,fitted,,,1qb_half_ppr
TE,57,0.9752559210124464,fitted,,,1qb_half_ppr
TE,58,0.933687581118173,fitted,,,1qb_half_ppr
TE,59,0.8938910088638968,fitted,,,1qb_half_ppr
TE,60,0.8557906861851942,fitted,,,1qb_half_ppr
TE,61,0.819314313824625,fitted,,,1qb_half_ppr
TE,62,0.7843926741365016,fitted,,,1qb_half_ppr
TE,63,0.7509594997393291,fitted,,,1qb_half_ppr
TE,64,0.7189513477666739,fitted,,,1qb_half_ppr
TE,65,0.6883074794778397,fitted,,,1qb_half_ppr
TE,66,0.658969744999896,fitted,,,1qb_half_ppr
TE,67,0.6308824729823505,fitted,,,1qb_half_ppr
TE,68,0.6039923649550694,fitted,,,1qb_half_ppr
TE,69,0.5782483941889814,fitted,,,1qb_half_ppr
TE,70,0.5536017088676434,fitted,,,1qb_half_ppr
TE,71,0.5300055393859231,fitted,,,1qb_half_ppr
TE,72,0.507415109599893,fitted,,,1qb_half_ppr
TE,73,0.48578755185951883,fitted,,,1qb_half_ppr
TE,74,0.4650818256629118,fitted,,,1qb_half_ppr
TE,75,0.44525863977777985,fitted,,,1qb_half_ppr
TE,76,0.42628037768229815,fitted,,,1qb_half_ppr
TE,77,0.4081110261839124,fitted,,,1qb_half_ppr
TE,78,0.3907161070806248,fitted,,,1qb_half_ppr
TE,79,0.37406261173508104,fitted,,,1qb_half_ppr
TE,80,0.3581189384373055,fitted,,,1qb_half_ppr
QB,1,22.78285714285714,empirical,4.0,3.0,1qb_half_ppr
QB,2,21.439285714285717,empirical,4.0,4.0,1qb_half_ppr
QB,3,20.14857142857143,empirical,4.0,4.0,1qb_half_ppr
QB,4,19.652142857142856,empirical,4.0,4.0,1qb_half_ppr
QB,5,18.357857142857142,empirical,4.0,4.0,1qb_half_ppr
QB,6,18.114285714285714,empirical,4.0,4.0,1qb_half_ppr
QB,7,17.82785714285714,empirical,4.0,4.0,1qb_half_ppr
QB,8,17.237857142857145,empirical,4.0,4.0,1qb_half_ppr
QB,9,16.801428571428573,empirical,4.0,2.0,1qb_half_ppr
QB,10,16.559285714285714,empirical,4.0,4.0,1qb_half_ppr
QB,11,16.139285714285712,empirical,4.0,4.0,1qb_half_ppr
QB,12,15.794285714285714,empirical,4.0,4.0,1qb_half_ppr
QB,13,15.412142857142857,empirical,4.0,4.0,1qb_half_ppr
QB,14,15.28357142857143,empirical,4.0,4.0,1qb_half_ppr
QB,15,14.575,empirical,4.0,3.0,1qb_half_ppr
QB,16,14.278571428571428,empirical,4.0,4.0,1qb_half_ppr
QB,17,14.132857142857143,empirical,4.0,4.0,1qb_half_ppr
QB,18,13.300952380952381,empirical,4.0,3.0,1qb_half_ppr
QB,19,12.797142857142857,empirical,4.0,4.0,1qb_half_ppr
QB,20,12.622333333333334,empirical,4.0,4.0,1qb_half_ppr
QB,21,12.290714285714285,empirical,4.0,4.0,1qb_half_ppr
QB,22,11.84,empirical,4.0,4.0,1qb_half_ppr
QB,23,11.420384615384616,empirical,4.0,4.0,1qb_half_ppr
QB,24,11.015714285714285,empirical,4.0,4.0,1qb_half_ppr
QB,25,10.69257142857143,empirical,4.0,3.0,1qb_half_ppr
QB,26,10.291428571428572,empirical,4.0,4.0,1qb_half_ppr
QB,27,9.604285714285712,empirical,4.0,4.0,1qb_half_ppr
QB,28,9.357142857142858,empirical,4.0,4.0,1qb_half_ppr
QB,29,8.630357142857143,empirical,4.0,3.0,1qb_half_ppr
QB,30,8.564857142857143,empirical,4.0,4.0,1qb_half_ppr
QB,31,8.221428571428572,empirical,4.0,4.0,1qb_half_ppr
QB,32,7.445,empirical,4.0,4.0,1qb_half_ppr
QB,33,6.576428571428572,empirical,4.0,4.0,1qb_half_ppr
QB,34,6.078571428571429,empirical,4.0,4.0,1qb_half_ppr
QB,35,5.515000000000001,empirical,4.0,4.0,1qb_half_ppr
QB,36,4.840285714285715,empirical,4.0,4.0,1qb_half_ppr
QB,37,3.934285714285714,empirical,4.0,4.0,1qb_half_ppr
QB,38,3.7992857142857144,empirical,4.0,4.0,1qb_half_ppr
QB,39,4.22,empirical,3.0,3.0,1qb_half_ppr
QB,40,2.305,empirical,3.0,3.0,1qb_half_ppr
QB,41,1.6914285714285715,empirical,3.0,3.0,1qb_half_ppr
QB,42,1.065,empirical,3.0,3.0,1qb_half_ppr
QB,43,0.7033333333333333,empirical,3.0,3.0,1qb_half_ppr
QB,44,0.37714285714285717,empirical,3.0,3.0,1qb_half_ppr
QB,45,0.0,empirical,3.0,3.0,1qb_half_ppr
QB,46,0.0,empirical,3.0,3.0,1qb_half_ppr
QB,47,0.0,empirical,2.0,2.0,1qb_half_ppr
QB,48,0.0,empirical,2.0,2.0,1qb_half_ppr
QB,49,0.0,empirical,2.0,2.0,1qb_half_ppr
QB,50,0.0,empirical,1.0,1.0,1qb_half_ppr
QB,51,0.0,empirical,1.0,1.0,1qb_half_ppr
QB,52,-0.1,empirical,1.0,1.0,1qb_half_ppr
RB,1,20.317857142857143,empirical,4.0,4.0,1qb_half_ppr
RB,2,17.442857142857143,empirical,4.0,4.0,1qb_half_ppr
RB,3,16.31642857142857,empirical,4.0,4.0,1qb_half_ppr
RB,4,15.977142857142859,empirical,4.0,3.0,1qb_half_ppr
RB,5,15.314285714285715,empirical,4.0,4.0,1qb_half_ppr
RB,6,14.932142857142857,empirical,4.0,4.0,1qb_half_ppr
RB,7,14.210714285714285,empirical,4.0,3.0,1qb_half_ppr
RB,8,13.664285714285715,empirical,4.0,4.0,1qb_half_ppr
RB,9,13.121428571428572,empirical,4.0,4.0,1qb_half_ppr
RB,10,12.721428571428572,empirical,4.0,4.0,1qb_half_ppr
RB,11,12.54642857142857,empirical,4.0,4.0,1qb_half_ppr
RB,12,12.253571428571428,empirical,4.0,4.0,1qb_half_ppr
RB,13,12.092857142857143,empirical,4.0,4.0,1qb_half_ppr
RB,14,11.407142857142858,empirical,4.0,4.0,1qb_half_ppr
RB,15,11.335714285714285,empirical,4.0,4.0,1qb_half_ppr
RB,16,11.187857142857144,empirical,4.0,3.0,1qb_half_ppr
RB,17,10.960714285714285,empirical,4.0,4.0,1qb_half_ppr
RB,18,10.822619047619046,empirical,4.0,4.0,1qb_half_ppr
RB,19,10.428571428571429,empirical,4.0,4.0,1qb_half_ppr
RB,20,10.317857142857143,empirical,4.0,4.0,1qb_half_ppr
RB,21,9.84357142857143,empirical,4.0,4.0,1qb_half_ppr
RB,22,9.717857142857142,empirical,4.0,4.0,1qb_half_ppr
RB,23,9.657142857142858,empirical,4.0,4.0,1qb_half_ppr
RB,24,9.239285714285714,empirical,4.0,4.0,1qb_half_ppr
RB,25,9.132142857142856,empirical,4.0,4.0,1qb_half_ppr
RB,26,8.942857142857143,empirical,4.0,3.0,1qb_half_ppr
RB,27,8.79642857142857,empirical,4.0,4.0,1qb_half_ppr
RB,28,8.410714285714285,empirical,4.0,4.0,1qb_half_ppr
RB,29,8.357142857142858,empirical,4.0,4.0,1qb_half_ppr
RB,30,8.20357142857143,empirical,4.0,4.0,1qb_half_ppr
RB,31,7.75,empirical,4.0,4.0,1qb_half_ppr
RB,32,7.628571428571428,empirical,4.0,4.0,1qb_half_ppr
RB,33,7.492857142857142,empirical,4.0,3.0,1qb_half_ppr
RB,34,7.174999999999999,empirical,4.0,4.0,1qb_half_ppr
RB,35,7.064285714285714,empirical,4.0,4.0,1qb_half_ppr
RB,36,6.803571428571429,empirical,4.0,4.0,1qb_half_ppr
RB,37,6.65,empirical,4.0,4.0,1qb_half_ppr
RB,38,6.428571428571429,empirical,4.0,4.0,1qb_half_ppr
RB,39,6.358928571428571,empirical,4.0,4.0,1qb_half_ppr
RB,40,6.239285714285714,empirical,4.0,3.0,1qb_half_ppr
RB,41,5.853571428571429,empirical,4.0,4.0,1qb_half_ppr
RB,42,5.8125,empirical,4.0,4.0,1qb_half_ppr
RB,43,5.637499999999999,empirical,4.0,4.0,1qb_half_ppr
RB,44,5.564285714285714,empirical,4.0,4.0,1qb_half_ppr
RB,45,5.425000000000001,empirical,4.0,4.0,1qb_half_ppr
RB,46,5.171428571428572,empirical,4.0,4.0,1qb_half_ppr
RB,47,5.098351648351648,empirical,4.0,4.0,1qb_half_ppr
RB,48,4.994642857142857,empirical,4.0,4.0,1qb_half_ppr
RB,49,4.914285714285715,empirical,4.0,4.0,1qb_half_ppr
RB,50,4.7785714285714285,empirical,4.0,4.0,1qb_half_ppr
RB,51,4.578571428571428,empirical,4.0,4.0,1qb_half_ppr
RB,52,4.315,empirical,4.0,4.0,1qb_half_ppr
RB,53,4.227747252747252,empirical,4.0,4.0,1qb_half_ppr
RB,54,4.196428571428571,empirical,4.0,4.0,1qb_half_ppr
RB,55,4.139285714285714,empirical,4.0,4.0,1qb_half_ppr
RB,56,3.9642857142857144,empirical,4.0,4.0,1qb_half_ppr
RB,57,3.901098901098901,empirical,4.0,4.0,1qb_half_ppr
RB,58,3.607142857142857,empirical,4.0,4.0,1qb_half_ppr
RB,59,3.510714285714286,empirical,4.0,4.0,1qb_half_ppr
RB,60,3.462142857142857,empirical,4.0,4.0,1qb_half_ppr
RB,61,3.1828571428571424,empirical,4.0,4.0,1qb_half_ppr
RB,62,3.142857142857143,empirical,4.0,4.0,1qb_half_ppr
RB,63,3.039935064935065,empirical,4.0,4.0,1qb_half_ppr
RB,64,2.9875,empirical,4.0,4.0,1qb_half_ppr
RB,65,2.9035714285714285,empirical,4.0,4.0,1qb_half_ppr
RB,66,2.78125,empirical,4.0,4.0,1qb_half_ppr
RB,67,2.678571428571429,empirical,4.0,4.0,1qb_half_ppr
RB,68,2.262857142857143,empirical,4.0,4.0,1qb_half_ppr
RB,69,1.9357142857142855,empirical,4.0,4.0,1qb_half_ppr
RB,70,1.892142857142857,empirical,4.0,4.0,1qb_half_ppr
RB,71,1.8607142857142858,empirical,4.0,4.0,1qb_half_ppr
RB,72,1.7999999999999998,empirical,4.0,4.0,1qb_half_ppr
RB,73,1.7214285714285715,empirical,4.0,4.0,1qb_half_ppr
RB,74,1.6821428571428572,empirical,4.0,4.0,1qb_half_ppr
RB,75,1.5464285714285715,empirical,4.0,4.0,1qb_half_ppr
RB,76,1.5142857142857142,empirical,4.0,4.0,1qb_half_ppr
RB,77,1.3107142857142857,empirical,4.0,4.0,1qb_half_ppr
RB,78,1.251785714285714,empirical,4.0,4.0,1qb_half_ppr
RB,79,1.225,empirical,4.0,3.0,1qb_half_ppr
RB,80,1.2142857142857142,empirical,4.0,4.0,1qb_half_ppr
RB,81,1.0994505494505495,empirical,4.0,4.0,1qb_half_ppr
RB,82,1.0857142857142859,empirical,4.0,4.0,1qb_half_ppr
RB,83,0.9357142857142857,empirical,4.0,4.0,1qb_half_ppr
RB,84,0.875,empirical,4.0,4.0,1qb_half_ppr
RB,85,0.7032467532467532,empirical,4.0,4.0,1qb_half_ppr
RB,86,0.635989010989011,empirical,4.0,4.0,1qb_half_ppr
RB,87,0.6357142857142857,empirical,4.0,4.0,1qb_half_ppr
RB,88,0.611904761904762,empirical,4.0,4.0,1qb_half_ppr
RB,89,0.5684523809523809,empirical,4.0,4.0,1qb_half_ppr
RB,90,0.49583333333333335,empirical,4.0,4.0,1qb_half_ppr
RB,91,0.42658730158730157,empirical,4.0,4.0,1qb_half_ppr
RB,92,0.27499999999999997,empirical,4.0,4.0,1qb_half_ppr
RB,93,0.42857142857142855,empirical,3.0,3.0,1qb_half_ppr
RB,94,0.40714285714285714,empirical,3.0,3.0,1qb_half_ppr
RB,95,0.3833333333333333,empirical,3.0,3.0,1qb_half_ppr
RB,96,0.32857142857142857,empirical,3.0,3.0,1qb_half_ppr
RB,97,0.25,empirical,3.0,3.0,1qb_half_ppr
RB,98,0.21666666666666667,empirical,3.0,3.0,1qb_half_ppr
RB,99,0.20714285714285713,empirical,3.0,3.0,1qb_half_ppr
RB,100,0.19285714285714287,empirical,3.0,3.0,1qb_half_ppr
RB,101,0.19285714285714284,empirical,3.0,3.0,1qb_half_ppr
RB,102,0.18571428571428572,empirical,3.0,3.0,1qb_half_ppr
RB,103,0.15714285714285717,empirical,3.0,3.0,1qb_half_ppr
RB,104,0.15,empirical,3.0,3.0,1qb_half_ppr
RB,105,0.1357142857142857,empirical,3.0,3.0,1qb_half_ppr
RB,106,0.1142857142857143,empirical,3.0,2.0,1qb_half_ppr
RB,107,0.08571428571428572,empirical,3.0,3.0,1qb_half_ppr
RB,108,0.05384615384615385,empirical,3.0,3.0,1qb_half_ppr
RB,109,0.01785714285714286,empirical,2.0,2.0,1qb_half_ppr
RB,110,0.0,empirical,2.0,2.0,1qb_half_ppr
RB,111,0.0,empirical,2.0,2.0,1qb_half_ppr
RB,112,0.0,empirical,2.0,2.0,1qb_half_ppr
RB,113,0.0,empirical,2.0,2.0,1qb_half_ppr
RB,114,0.0,empirical,1.0,1.0,1qb_half_ppr
RB,115,0.0,empirical,1.0,1.0,1qb_half_ppr
RB,116,0.0,empirical,1.0,1.0,1qb_half_ppr
RB,117,0.0,empirical,1.0,1.0,1qb_half_ppr
RB,118,0.0,empirical,1.0,1.0,1qb_half_ppr
RB,119,0.0,empirical,1.0,1.0,1qb_half_ppr
RB,120,0.0,empirical,1.0,1.0,1qb_half_ppr
RB,121,-0.03571428571428571,empirical,1.0,1.0,1qb_half_ppr
TE,1,12.674999999999999,empirical,4.0,3.0,1qb_half_ppr
TE,2,10.346428571428572,empirical,4.0,4.0,1qb_half_ppr
TE,3,9.653571428571428,empirical,4.0,4.0,1qb_half_ppr
TE,4,9.287500000000001,empirical,4.0,4.0,1qb_half_ppr
TE,5,8.728571428571428,empirical,4.0,4.0,1qb_half_ppr
TE,6,8.121428571428572,empirical,4.0,4.0,1qb_half_ppr
TE,7,8.085714285714285,empirical,4.0,4.0,1qb_half_ppr
TE,8,7.960714285714286,empirical,4.0,4.0,1qb_half_ppr
TE,9,7.735714285714286,empirical,4.0,4.0,1qb_half_ppr
TE,10,7.410714285714285,empirical,4.0,2.0,1qb_half_ppr
TE,11,7.126428571428572,empirical,4.0,4.0,1qb_half_ppr
TE,12,6.732142857142857,empirical,4.0,4.0,1qb_half_ppr
TE,13,6.692857142857143,empirical,4.0,3.0,1qb_half_ppr
TE,14,6.667857142857143,empirical,4.0,4.0,1qb_half_ppr
TE,15,6.09375,empirical,4.0,3.0,1qb_half_ppr
TE,16,5.985714285714286,empirical,4.0,4.0,1qb_half_ppr
TE,17,5.793681318681319,empirical,4.0,4.0,1qb_half_ppr
TE,18,5.664285714285715,empirical,4.0,3.0,1qb_half_ppr
TE,19,5.514285714285714,empirical,4.0,4.0,1qb_half_ppr
TE,20,5.342857142857143,empirical,4.0,4.0,1qb_half_ppr
TE,21,5.117857142857143,empirical,4.0,4.0,1qb_half_ppr
TE,22,4.942857142857143,empirical,4.0,4.0,1qb_half_ppr
TE,23,4.860714285714286,empirical,4.0,4.0,1qb_half_ppr
TE,24,4.621428571428572,empirical,4.0,4.0,1qb_half_ppr
TE,25,4.4714285714285715,empirical,4.0,4.0,1qb_half_ppr
TE,26,4.367857142857143,empirical,4.0,3.0,1qb_half_ppr
TE,27,4.185714285714286,empirical,4.0,4.0,1qb_half_ppr
TE,28,3.946428571428572,empirical,4.0,4.0,1qb_half_ppr
TE,29,3.7928571428571427,empirical,4.0,4.0,1qb_half_ppr
TE,30,3.592857142857143,empirical,4.0,4.0,1qb_half_ppr
TE,31,3.5199999999999996,empirical,4.0,4.0,1qb_half_ppr
TE,32,3.4557692307692305,empirical,4.0,4.0,1qb_half_ppr
TE,33,3.2969780219780223,empirical,4.0,4.0,1qb_half_ppr
TE,34,3.064285714285714,empirical,4.0,4.0,1qb_half_ppr
TE,35,2.8464285714285715,empirical,4.0,4.0,1qb_half_ppr
TE,36,2.6625,empirical,4.0,4.0,1qb_half_ppr
TE,37,2.607142857142857,empirical,4.0,4.0,1qb_half_ppr
TE,38,2.3642857142857143,empirical,4.0,4.0,1qb_half_ppr
TE,39,2.2818681318681318,empirical,4.0,3.0,1qb_half_ppr
TE,40,2.071428571428571,empirical,4.0,4.0,1qb_half_ppr
TE,41,1.9500000000000002,empirical,4.0,4.0,1qb_half_ppr
TE,42,1.842857142857143,empirical,3.0,3.0,1qb_half_ppr
TE,43,1.475,empirical,3.0,3.0,1qb_half_ppr
TE,44,1.3214285714285714,empirical,3.0,3.0,1qb_half_ppr
TE,45,1.0964285714285713,empirical,3.0,3.0,1qb_half_ppr
TE,46,0.8833333333333334,empirical,3.0,2.0,1qb_half_ppr
TE,47,0.8285714285714285,empirical,3.0,3.0,1qb_half_ppr
TE,48,0.33571428571428574,empirical,3.0,3.0,1qb_half_ppr
TE,49,0.12142857142857144,empirical,3.0,3.0,1qb_half_ppr
TE,50,0.08571428571428572,empirical,3.0,3.0,1qb_half_ppr
TE,51,0.0,empirical,3.0,3.0,1qb_half_ppr
TE,52,0.41500000000000004,empirical,2.0,2.0,1qb_half_ppr
TE,53,0.6071428571428571,empirical,1.0,1.0,1qb_half_ppr
TE,54,0.4857142857142857,empirical,1.0,1.0,1qb_half_ppr
TE,55,0.0,empirical,1.0,1.0,1qb_half_ppr
TE,56,0.0,empirical,1.0,1.0,1qb_half_ppr
WR,1,19.807142857142857,empirical,4.0,4.0,1qb_half_ppr
WR,2,17.021428571428572,empirical,4.0,4.0,1qb_half_ppr
WR,3,15.545000000000002,empirical,4.0,4.0,1qb_half_ppr
WR,4,14.935714285714287,empirical,4.0,4.0,1qb_half_ppr
WR,5,13.678571428571429,empirical,4.0,4.0,1qb_half_ppr
WR,6,12.875,empirical,4.0,4.0,1qb_half_ppr
WR,7,12.575,empirical,4.0,4.0,1qb_half_ppr
WR,8,11.942857142857143,empirical,4.0,4.0,1qb_half_ppr
WR,9,11.614285714285714,empirical,4.0,4.0,1qb_half_ppr
WR,10,11.482142857142858,empirical,4.0,4.0,1qb_half_ppr
WR,11,11.214285714285714,empirical,4.0,4.0,1qb_half_ppr
WR,12,11.114285714285714,empirical,4.0,4.0,1qb_half_ppr
WR,13,10.853571428571428,empirical,4.0,4.0,1qb_half_ppr
WR,14,10.707142857142859,empirical,4.0,4.0,1qb_half_ppr
WR,15,10.542857142857141,empirical,4.0,4.0,1qb_half_ppr
WR,16,10.460714285714285,empirical,4.0,4.0,1qb_half_ppr
WR,17,10.385714285714286,empirical,4.0,4.0,1qb_half_ppr
WR,18,10.232142857142856,empirical,4.0,3.0,1qb_half_ppr
WR,19,10.128571428571428,empirical,4.0,4.0,1qb_half_ppr
WR,20,9.95,empirical,4.0,4.0,1qb_half_ppr
WR,21,9.625,empirical,4.0,4.0,1qb_half_ppr
WR,22,9.514285714285714,empirical,4.0,4.0,1qb_half_ppr
WR,23,9.355357142857143,empirical,4.0,4.0,1qb_half_ppr
WR,24,9.307142857142857,empirical,4.0,4.0,1qb_half_ppr
WR,25,9.160714285714285,empirical,4.0,4.0,1qb_half_ppr
WR,26,9.064285714285715,empirical,4.0,4.0,1qb_half_ppr
WR,27,9.014285714285716,empirical,4.0,4.0,1qb_half_ppr
WR,28,8.803571428571429,empirical,4.0,4.0,1qb_half_ppr
WR,29,8.776785714285715,empirical,4.0,4.0,1qb_half_ppr
WR,30,8.632142857142858,empirical,4.0,4.0,1qb_half_ppr
WR,31,8.571428571428573,empirical,4.0,4.0,1qb_half_ppr
WR,32,8.525,empirical,4.0,4.0,1qb_half_ppr
WR,33,8.468571428571428,empirical,4.0,4.0,1qb_half_ppr
WR,34,8.346428571428572,empirical,4.0,4.0,1qb_half_ppr
WR,35,8.157142857142857,empirical,4.0,4.0,1qb_half_ppr
WR,36,8.1,empirical,4.0,4.0,1qb_half_ppr
WR,37,8.067857142857143,empirical,4.0,4.0,1qb_half_ppr
WR,38,7.960714285714285,empirical,4.0,4.0,1qb_half_ppr
WR,39,7.882142857142856,empirical,4.0,4.0,1qb_half_ppr
WR,40,7.682142857142857,empirical,4.0,4.0,1qb_half_ppr
WR,41,7.525,empirical,4.0,4.0,1qb_half_ppr
WR,42,7.460714285714285,empirical,4.0,4.0,1qb_half_ppr
WR,43,7.411098901098901,empirical,4.0,4.0,1qb_half_ppr
WR,44,7.1535714285714285,empirical,4.0,4.0,1qb_half_ppr
WR,45,7.053571428571429,empirical,4.0,4.0,1qb_half_ppr
WR,46,6.972142857142857,empirical,4.0,4.0,1qb_half_ppr
WR,47,6.842857142857143,empirical,4.0,4.0,1qb_half_ppr
WR,48,6.710714285714285,empirical,4.0,4.0,1qb_half_ppr
WR,49,6.617857142857144,empirical,4.0,4.0,1qb_half_ppr
WR,50,6.3901098901098905,empirical,4.0,4.0,1qb_half_ppr
WR,51,6.335714285714285,empirical,4.0,4.0,1qb_half_ppr
WR,52,6.25,empirical,4.0,4.0,1qb_half_ppr
WR,53,6.189285714285714,empirical,4.0,4.0,1qb_half_ppr
WR,54,5.915384615384616,empirical,4.0,4.0,1qb_half_ppr
WR,55,5.860714285714286,empirical,4.0,4.0,1qb_half_ppr
WR,56,5.796428571428571,empirical,4.0,4.0,1qb_half_ppr
WR,57,5.781785714285714,empirical,4.0,4.0,1qb_half_ppr
WR,58,5.728571428571428,empirical,4.0,4.0,1qb_half_ppr
WR,59,5.628571428571428,empirical,4.0,4.0,1qb_half_ppr
WR,60,5.35,empirical,4.0,4.0,1qb_half_ppr
WR,61,5.235714285714286,empirical,4.0,4.0,1qb_half_ppr
WR,62,5.142857142857142,empirical,4.0,4.0,1qb_half_ppr
WR,63,5.0321428571428575,empirical,4.0,4.0,1qb_half_ppr
WR,64,4.993406593406593,empirical,4.0,4.0,1qb_half_ppr
WR,65,4.9035714285714285,empirical,4.0,4.0,1qb_half_ppr
WR,66,4.867857142857144,empirical,4.0,3.0,1qb_half_ppr
WR,67,4.8535714285714295,empirical,4.0,4.0,1qb_half_ppr
WR,68,4.810714285714285,empirical,4.0,3.0,1qb_half_ppr
WR,69,4.771428571428572,empirical,4.0,4.0,1qb_half_ppr
WR,70,4.746428571428572,empirical,4.0,4.0,1qb_half_ppr
WR,71,4.714285714285714,empirical,4.0,4.0,1qb_half_ppr
WR,72,4.619642857142857,empirical,4.0,3.0,1qb_half_ppr
WR,73,4.585714285714285,empirical,4.0,4.0,1qb_half_ppr
WR,74,4.582142857142857,empirical,4.0,4.0,1qb_half_ppr
WR,75,4.500396825396825,empirical,4.0,4.0,1qb_half_ppr
WR,76,4.4157142857142855,empirical,4.0,4.0,1qb_half_ppr
WR,77,4.296428571428572,empirical,4.0,4.0,1qb_half_ppr
WR,78,4.196428571428571,empirical,4.0,4.0,1qb_half_ppr
WR,79,4.178571428571429,empirical,4.0,4.0,1qb_half_ppr
WR,80,4.121785714285714,empirical,4.0,4.0,1qb_half_ppr
WR,81,4.027777777777778,empirical,4.0,4.0,1qb_half_ppr
WR,82,3.9499999999999997,empirical,4.0,4.0,1qb_half_ppr
WR,83,3.907142857142857,empirical,4.0,4.0,1qb_half_ppr
WR,84,3.8494047619047618,empirical,4.0,4.0,1qb_half_ppr
WR,85,3.8392857142857144,empirical,4.0,4.0,1qb_half_ppr
WR,86,3.7847222222222223,empirical,4.0,4.0,1qb_half_ppr
WR,87,3.7261904761904763,empirical,4.0,4.0,1qb_half_ppr
WR,88,3.675,empirical,4.0,4.0,1qb_half_ppr
WR,89,3.573901098901099,empirical,4.0,4.0,1qb_half_ppr
WR,90,3.4892857142857148,empirical,4.0,4.0,1qb_half_ppr
WR,91,3.442857142857143,empirical,4.0,4.0,1qb_half_ppr
WR,92,3.3857142857142857,empirical,4.0,4.0,1qb_half_ppr
WR,93,3.3321428571428573,empirical,4.0,4.0,1qb_half_ppr
WR,94,3.2785714285714285,empirical,4.0,4.0,1qb_half_ppr
WR,95,3.213392857142857,empirical,4.0,4.0,1qb_half_ppr
WR,96,3.185714285714286,empirical,4.0,4.0,1qb_half_ppr
WR,97,3.0392857142857146,empirical,4.0,4.0,1qb_half_ppr
WR,98,2.9785714285714286,empirical,4.0,4.0,1qb_half_ppr
WR,99,2.95,empirical,4.0,4.0,1qb_half_ppr
WR,100,2.8271428571428574,empirical,4.0,4.0,1qb_half_ppr
WR,101,2.716666666666667,empirical,4.0,4.0,1qb_half_ppr
WR,102,2.682142857142857,empirical,4.0,4.0,1qb_half_ppr
WR,103,2.6436507936507936,empirical,4.0,3.0,1qb_half_ppr
WR,104,2.6414285714285715,empirical,4.0,4.0,1qb_half_ppr
WR,105,2.617857142857143,empirical,4.0,4.0,1qb_half_ppr
WR,106,2.5472222222222225,empirical,4.0,4.0,1qb_half_ppr
WR,107,2.4256868131868132,empirical,4.0,4.0,1qb_half_ppr
WR,108,2.3357142857142854,empirical,4.0,4.0,1qb_half_ppr
WR,109,2.1142857142857143,empirical,4.0,4.0,1qb_half_ppr
WR,110,2.02724358974359,empirical,4.0,4.0,1qb_half_ppr
WR,111,1.9660714285714287,empirical,4.0,4.0,1qb_half_ppr
WR,112,1.8392857142857144,empirical,4.0,4.0,1qb_half_ppr
WR,113,1.7357142857142858,empirical,4.0,4.0,1qb_half_ppr
WR,114,1.7857142857142858,empirical,3.0,3.0,1qb_half_ppr
WR,115,1.7214285714285715,empirical,3.0,3.0,1qb_half_ppr
WR,116,1.592857142857143,empirical,3.0,3.0,1qb_half_ppr
WR,117,1.4428571428571428,empirical,3.0,3.0,1qb_half_ppr
WR,118,1.4357142857142857,empirical,3.0,3.0,1qb_half_ppr
WR,119,1.3642857142857143,empirical,3.0,3.0,1qb_half_ppr
WR,120,1.3357142857142856,empirical,3.0,3.0,1qb_half_ppr
WR,121,1.2214285714285715,empirical,3.0,3.0,1qb_half_ppr
WR,122,1.2214285714285715,empirical,3.0,3.0,1qb_half_ppr
WR,123,1.1857142857142857,empirical,3.0,3.0,1qb_half_ppr
WR,124,1.1714285714285715,empirical,3.0,3.0,1qb_half_ppr
WR,125,1.1666666666666667,empirical,3.0,3.0,1qb_half_ppr
WR,126,1.1071428571428572,empirical,3.0,3.0,1qb_half_ppr
WR,127,1.0857142857142856,empirical,3.0,3.0,1qb_half_ppr
WR,128,0.925,empirical,3.0,3.0,1qb_half_ppr
WR,129,0.8571428571428571,empirical,3.0,3.0,1qb_half_ppr
WR,130,0.8428571428571429,empirical,3.0,3.0,1qb_half_ppr
WR,131,0.7571428571428571,empirical,3.0,3.0,1qb_half_ppr
WR,132,0.6785714285714286,empirical,3.0,3.0,1qb_half_ppr
WR,133,0.6727272727272727,empirical,3.0,3.0,1qb_half_ppr
WR,134,0.64,empirical,3.0,3.0,1qb_half_ppr
WR,135,0.5785714285714284,empirical,3.0,3.0,1qb_half_ppr
WR,136,0.5714285714285714,empirical,3.0,3.0,1qb_half_ppr
WR,137,0.5071428571428571,empirical,3.0,3.0,1qb_half_ppr
WR,138,0.41428571428571426,empirical,3.0,3.0,1qb_half_ppr
WR,139,0.31,empirical,3.0,3.0,1qb_half_ppr
WR,140,0.15714285714285717,empirical,3.0,3.0,1qb_half_ppr
WR,141,0.10714285714285714,empirical,3.0,3.0,1qb_half_ppr
WR,142,0.10714285714285714,empirical,3.0,3.0,1qb_half_ppr
WR,143,0.0,empirical,3.0,3.0,1qb_half_ppr
WR,144,0.0,empirical,3.0,3.0,1qb_half_ppr
WR,145,0.0,empirical,3.0,3.0,1qb_half_ppr
WR,146,0.0,empirical,3.0,3.0,1qb_half_ppr
WR,147,0.0,empirical,3.0,3.0,1qb_half_ppr
WR,148,0.0,empirical,3.0,3.0,1qb_half_ppr
WR,149,0.0,empirical,2.0,2.0,1qb_half_ppr
WR,150,0.0,empirical,1.0,1.0,1qb_half_ppr
WR,151,0.0,empirical,1.0,1.0,1qb_half_ppr
WR,152,0.0,empirical,1.0,1.0,1qb_half_ppr
WR,153,0.0,empirical,1.0,1.0,1qb_half_ppr
WR,154,0.0,empirical,1.0,1.0,1qb_half_ppr
WR,155,0.0,empirical,1.0,1.0,1qb_half_ppr
WR,156,-0.07857142857142858,empirical,1.0,1.0,1qb_half_ppr
QB,1,24.279148368385936,fitted,,,1qb_ppr
QB,2,23.243153028974902,fitted,,,1qb_ppr
QB,3,22.251363784728184,fitted,,,1qb_ppr
QB,4,21.301894354139158,fitted,,,1qb_ppr
QB,5,20.392938943649963,fitted,,,1qb_ppr
QB,6,19.522768813217187,fitted,,,1qb_ppr
QB,7,18.68972898842548,fitted,,,1qb_ppr
QB,8,17.892235112895804,fitted,,,1qb_ppr
QB,9,17.128770435001965,fitted,,,1qb_ppr
QB,10,16.39788292316445,fitted,,,1qb_ppr
QB,11,15.698182504235152,fitted,,,1qb_ppr
QB,12,15.028338419720727,fitted,,,1qb_ppr
QB,13,14.387076694816267,fitted,,,1qb_ppr
QB,14,13.773177715435812,fitted,,,1qb_ppr
QB,15,13.185473908631323,fitted,,,1qb_ppr
QB,16,12.622847521988591,fitted,,,1qb_ppr
QB,17,12.084228497776676,fitted,,,1qb_ppr
QB,18,11.568592437807785,fitted,,,1qb_ppr
QB,19,11.074958655136877,fitted,,,1qb_ppr
QB,20,10.602388308895591,fitted,,,1qb_ppr
QB,21,10.149982618713137,fitted,,,1qb_ppr
QB,22,9.716881155328123,fitted,,,1qb_ppr
QB,23,9.302260204140286,fitted,,,1qb_ppr
QB,24,8.90533119858972,fitted,,,1qb_ppr
QB,25,8.525339220384103,fitted,,,1qb_ppr
QB,26,8.161561563721463,fitted,,,1qb_ppr
QB,27,7.813306360777796,fitted,,,1qb_ppr
QB,28,7.479911265845374,fitted,,,1qb_ppr
QB,29,7.160742195619083,fitted,,,1qb_ppr
QB,30,6.855192123234955,fitted,,,1qb_ppr
QB,31,6.56267992376728,fitted,,,1qb_ppr
QB,32,6.282649268988541,fitted,,,1qb_ppr
QB,33,6.0145675692901515,fitted,,,1qb_ppr
QB,34,5.757924960751589,fitted,,,1qb_ppr
QB,35,5.512233335431468,fitted,,,1qb_ppr
QB,36,5.277025413036258,fitted,,,1qb_ppr
QB,37,5.051853852201046,fitted,,,1qb_ppr
QB,38,4.8362903996921105,fitted,,,1qb_ppr
QB,39,4.6299250759131505,fitted,,,1qb_ppr
QB,40,4.432365395166113,fitted,,,1qb_ppr
QB,41,4.243235619183609,fitted,,,1qb_ppr
QB,42,4.062176042513236,fitted,,,1qb_ppr
QB,43,3.8888423083946764,fitted,,,1qb_ppr
QB,44,3.722904753828418,fitted,,,1qb_ppr
QB,45,3.564047782590517,fitted,,,1qb_ppr
QB,46,3.4119692650009203,fitted,,,1qb_ppr
QB,47,3.266379963303777,fitted,,,1qb_ppr
QB,48,3.1270029815668656,fitted,,,1qb_ppr
QB,49,2.9935732390539056,fitted,,,1qb_ppr
QB,50,2.8658369660681657,fitted,,,1qb_ppr
QB,51,2.7435512213085005,fitted,,,1qb_ppr
QB,52,2.626483429819898,fitted,,,1qb_ppr
QB,53,2.514410940659744,fitted,,,1qb_ppr
QB,54,2.4071206034385457,fitted,,,1qb_ppr
QB,55,2.304408362929742,fitted,,,1qb_ppr
QB,56,2.206078870977561,fitted,,,1qb_ppr
QB,57,2.1119451149648554,fitted,,,1qb_ppr
QB,58,2.021828062134269,fitted,,,1qb_ppr
QB,59,1.935556319086273,fitted,,,1qb_ppr
QB,60,1.8529658058064924,fitted,,,1qb_ppr
QB,61,1.7738994436023248,fitted,,,1qb_ppr
QB,62,1.6982068563553685,fitted,,,1qb_ppr
QB,63,1.625744084521458,fitted,,,1qb_ppr
QB,64,1.556373311334356,fitted,,,1qb_ppr
QB,65,1.4899626006923956,fitted,,,1qb_ppr
QB,66,1.4263856462295288,fitted,,,1qb_ppr
QB,67,1.3655215310935647,fitted,,,1qb_ppr
QB,68,1.3072544979747096,fitted,,,1qb_ppr
QB,69,1.251473728947021,fitted,,,1qb_ppr
QB,70,1.1980731347040752,fitted,,,1qb_ppr
QB,71,1.1469511527879732,fitted,,,1qb_ppr
QB,72,1.0980105544279553,fitted,,,1qb_ppr
QB,73,1.0511582596212448,fitted,,,1qb_ppr
QB,74,1.0063051601044175,fitted,,,1qb_ppr
QB,75,0.9633659498786202,fitted,,,1qb_ppr
QB,76,0.9222589629662997,fitted,,,1qb_ppr
QB,77,0.8829060180908835,fitted,,,1qb_ppr
QB,78,0.8452322699840048,fitted,,,1qb_ppr
QB,79,0.8091660670374701,fitted,,,1qb_ppr
QB,80,0.7746388150292438,fitted,,,1qb_ppr
RB,1,19.633773639412368,fitted,,,1qb_ppr
RB,2,19.05841670094214,fitted,,,1qb_ppr
RB,3,18.499920281123373,fitted,,,1qb_ppr
RB,4,17.9577902917298,fitted,,,1qb_ppr
RB,5,17.4315471235189,fitted,,,1qb_ppr
RB,6,16.920725221933225,fitted,,,1qb_ppr
RB,7,16.424872675235594,fitted,,,1qb_ppr
RB,8,15.943550814713742,fitted,,,1qb_ppr
RB,9,15.476333826600767,fitted,,,1qb_ppr
RB,10,15.022808375368014,fitted,,,1qb_ppr
RB,11,14.582573238057174,fitted,,,1qb_ppr
RB,12,14.155238949328073,fitted,,,1qb_ppr
RB,13,13.740427456908135,fitted,,,1qb_ppr
RB,14,13.337771787138706,fitted,,,1qb_ppr
RB,15,12.946915720322384,fitted,,,1qb_ppr
RB,16,12.567513475584082,fitted,,,1qb_ppr
RB,17,12.19922940496709,fitted,,,1qb_ppr
RB,18,11.841737696493471,fitted,,,1qb_ppr
RB,19,11.494722085926114,fitted,,,1qb_ppr
RB,20,11.15787557697744,fitted,,,1qb_ppr
RB,21,10.83090016971724,fitted,,,1qb_ppr
RB,22,10.513506596939363,fitted,,,1qb_ppr
RB,23,10.20541406825405,fitted,,,1qb_ppr
RB,24,9.90635002167949,fitted,,,1qb_ppr
RB,25,9.616049882512836,fitted,,,1qb_ppr
RB,26,9.33425682926741,fitted,,,1qb_ppr
RB,27,9.06072156646895,fitted,,,1qb_ppr
RB,28,8.795202104109968,fitted,,,1qb_ppr
RB,29,8.537463543567052,fitted,,,1qb_ppr
RB,30,8.287277869791762,fitted,,,1qb_ppr
RB,31,8.044423749591251,fitted,,,1qb_ppr
RB,32,7.808686335820165,fitted,,,1qb_ppr
RB,33,7.579857077310579,fitted,,,1qb_ppr
RB,34,7.35773353437185,fitted,,,1qb_ppr
RB,35,7.142119199697134,fitted,,,1qb_ppr
RB,36,6.932823324518132,fitted,,,1qb_ppr
RB,37,6.729660749854308,fitted,,,1qb_ppr
RB,38,6.532451742707209,fitted,,,1qb_ppr
RB,39,6.341021837055051,fitted,,,1qb_ppr
RB,40,6.155201679506875,fitted,,,1qb_ppr
RB,41,5.974826879479696,fitted,,,1qb_ppr
RB,42,5.799737863766163,fitted,,,1qb_ppr
RB,43,5.629779735363995,fitted,,,1qb_ppr
RB,44,5.464802136442378,fitted,,,1qb_ppr
RB,45,5.304659115324043,fitted,,,1qb_ppr
RB,46,5.149208997365346,fitted,,,1qb_ppr
RB,47,4.998314259620158,fitted,,,1qb_ppr
RB,48,4.851841409176661,fitted,,,1qb_ppr
RB,49,4.709660865059392,fitted,,,1qb_ppr
RB,50,4.57164684359211,fitted,,,1qb_ppr
RB,51,4.43767724712003,fitted,,,1qb_ppr
RB,52,4.3076335559929895,fitted,,,1qb_ppr
RB,53,4.181400723713992,fitted,,,1qb_ppr
RB,54,4.058867075160363,fitted,,,1qb_ppr
RB,55,3.9399242077874765,fitted,,,1qb_ppr
RB,56,3.8244668957276655,fitted,,,1qb_ppr
RB,57,3.7123929966994362,fitted,,,1qb_ppr
RB,58,3.6036033616446836,fitted,,,1qb_ppr
RB,59,3.4980017470139186,fitted,,,1qb_ppr
RB,60,3.3954947296219387,fitted,,,1qb_ppr
RB,61,3.295991623998605,fitted,,,1qb_ppr
RB,62,3.199404402161606,fitted,,,1qb_ppr
RB,63,3.1056476157402377,fitted,,,1qb_ppr
RB,64,3.014638320381307,fitted,,,1qb_ppr
RB,65,2.926296002370274,fitted,,,1qb_ppr
RB,66,2.840542507402721,fitted,,,1qb_ppr
RB,67,2.75730197144314,fitted,,,1qb_ppr
RB,68,2.676500753609861,fitted,,,1qb_ppr
RB,69,2.5980673710267514,fitted,,,1qb_ppr
RB,70,2.521932435584045,fitted,,,1qb_ppr
RB,71,2.448028592552379,fitted,,,1qb_ppr
RB,72,2.3762904609956848,fitted,,,1qb_ppr
RB,73,2.3066545759302706,fitted,,,1qb_ppr
RB,74,2.2390593321788868,fitted,,,1qb_ppr
RB,75,2.1734449298701213,fitted,,,1qb_ppr
RB,76,2.109753321534907,fitted,,,1qb_ppr
RB,77,2.0479281607533313,fitted,,,1qb_ppr
RB,78,1.9879147523063312,fitted,,,1qb_ppr
RB,79,1.9296600037881548,fitted,,,1qb_ppr
RB,80,1.8731123786368022,fitted,,,1qb_ppr
RB,81,1.8182218505408796,fitted,,,1qb_ppr
RB,82,1.7649398591825345,fitted,,,1qb_ppr
RB,83,1.7132192672773237,fitted,,,1qb_ppr
RB,84,1.663014318872999,fitted,,,1qb_ppr
RB,85,1.6142805988703295,fitted,,,1qb_ppr
RB,86,1.5669749937301385,fitted,,,1qb_ppr
RB,87,1.5210556533318067,fitted,,,1qb_ppr
RB,88,1.47648195394948,fitted,,,1qb_ppr
RB,89,1.43321446231325,fitted,,,1qb_ppr
RB,90,1.391214900723495,fitted,,,1qb_ppr
RB,91,1.3504461131875303,fitted,,,1qb_ppr
RB,92,1.3108720325486007,fitted,,,1qb_ppr
RB,93,1.272457648578144,fitted,,,1qb_ppr
RB,94,1.2351689770030931,fitted,,,1qb_ppr
RB,95,1.19897302944081,fitted,,,1qb_ppr
RB,96,1.1638377842150693,fitted,,,1qb_ppr
RB,97,1.1297321580272555,fitted,,,1qb_ppr
RB,98,1.0966259784577237,fitted,,,1qb_ppr
RB,99,1.0644899572729938,fitted,,,1qb_ppr
RB,100,1.0332956645151588,fitted,,,1qb_ppr
RB,101,1.0030155033505934,fitted,,,1qb_ppr
RB,102,0.9736226856557038,fitted,,,1qb_ppr
RB,103,0.945091208318126,fitted,,,1qb_ppr
RB,104,0.9173958302324021,fitted,,,1qb_ppr
RB,105,0.8905120499697882,fitted,,,1qb_ppr
RB,106,0.864416084102434,fitted,,,1qb_ppr
RB,107,0.8390848461627629,fitted,,,1qb_ppr
RB,108,0.8144959262194332,fitted,,,1qb_ppr
RB,109,0.7906275710518161,fitted,,,1qb_ppr
RB,110,0.7674586649054509,fitted,,,1qb_ppr
RB,111,0.7449687108114471,fitted,,,1qb_ppr
RB,112,0.7231378124533149,fitted,,,1qb_ppr
RB,113,0.7019466565651772,fitted,,,1qb_ppr
RB,114,0.6813764958457915,fitted,,,1qb_ppr
RB,115,0.6614091323732675,fitted,,,1qb_ppr
RB,116,0.642026901505808,fitted,,,1qb_ppr
RB,117,0.6232126562542282,fitted,,,1qb_ppr
RB,118,0.6049497521124308,fitted,,,1qb_ppr
RB,119,0.5872220323324168,fitted,,,1qb_ppr
RB,120,0.5700138136308002,fitted,,,1qb_ppr
RB,121,0.5533098723141897,fitted,,,1qb_ppr
RB,122,0.5370954308111567,fitted,,,1qb_ppr
RB,123,0.5213561445988755,fitted,,,1qb_ppr
RB,124,0.5060780895128728,fitted,,,1qb_ppr
RB,125,0.4912477494286573,fitted,,,1qb_ppr
RB,126,0.4768520043043328,fitted,,,1qb_ppr
RB,127,0.46287811857361477,fitted,,,1qb_ppr
RB,128,0.44931372987898455,fitted,,,1qb_ppr
RB,129,0.4361468381350117,fitted,,,1qb_ppr
WR,1,17.840542692624506,fitted,,,1qb_ppr
WR,2,17.512740639911264,fitted,,,1qb_ppr
WR,3,17.190961620668155,fitted,,,1qb_ppr
WR,4,16.875094967704776,fitted,,,1qb_ppr
WR,5,16.565032047229188,fitted,,,1qb_ppr
WR,6,16.260666221486275,fitted,,,1qb_ppr
WR,7,15.961892812082551,fitted,,,1qb_ppr
WR,8,15.668609063984881,fitted,,,1qb_ppr
WR,9,15.380714110180648,fitted,,,1qb_ppr
WR,10,15.098108936987286,fitted,,,1qb_ppr
WR,11,14.820696349999187,fitted,,,1qb_ppr
WR,12,14.54838094066033,fitted,,,1qb_ppr
WR,13,14.281069053451077,fitted,,,1qb_ppr
WR,14,14.0186687536779,fitted,,,1qb_ppr
WR,15,13.76108979585492,fitted,,,1qb_ppr
WR,16,13.508243592666417,fitted,,,1qb_ppr
WR,17,13.26004318449962,fitted,,,1qb_ppr
WR,18,13.016403209537302,fitted,,,1qb_ppr
WR,19,12.777239874399884,fitted,,,1qb_ppr
WR,20,12.542470925326977,fitted,,,1qb_ppr
WR,21,12.312015619888424,fitted,,,1qb_ppr
WR,22,12.085794699215118,fitted,,,1qb_ppr
WR,23,11.863730360740067,fitted,,,1qb_ppr
WR,24,11.645746231440304,fitted,,,1qb_ppr
WR,25,11.431767341570445,fitted,,,1qb_ppr
WR,26,11.221720098878876,fitted,,,1qb_ppr
WR,27,11.015532263297692,fitted,,,1qb_ppr
WR,28,10.813132922097678,fitted,,,1qb_ppr
WR,29,10.61445246549979,fitted,,,1qb_ppr
WR,30,10.419422562734756,fitted,,,1qb_ppr
WR,31,10.227976138542562,fitted,,,1qb_ppr
WR,32,10.040047350103722,fitted,,,1qb_ppr
WR,33,9.855571564394426,fitted,,,1qb_ppr
WR,34,9.674485335957758,fitted,,,1qb_ppr
WR,35,9.496726385083344,fitted,,,1qb_ppr
WR,36,9.322233576387937,fitted,,,1qb_ppr
WR,37,9.150946897789556,fitted,,,1qb_ppr
WR,38,8.982807439867942,fitted,,,1qb_ppr
WR,39,8.817757375604268,fitted,,,1qb_ppr
WR,40,8.655739940493094,fitted,,,1qb_ppr
WR,41,8.496699413019755,fitted,,,1qb_ppr
WR,42,8.340581095496447,fitted,,,1qb_ppr
WR,43,8.187331295250443,fitted,,,1qb_ppr
WR,44,8.036897306157949,fitted,,,1qb_ppr
WR,45,7.889227390517252,fitted,,,1qb_ppr
WR,46,7.744270761254947,fitted,,,1qb_ppr
WR,47,7.601977564459089,fitted,,,1qb_ppr
WR,48,7.462298862233293,fitted,,,1qb_ppr
WR,49,7.325186615865864,fitted,,,1qb_ppr
WR,50,7.1905936693081856,fitted,,,1qb_ppr
WR,51,7.058473732956669,fitted,,,1qb_ppr
WR,52,6.9287813677326975,fitted,,,1qb_ppr
WR,53,6.801471969455086,fitted,,,1qb_ppr
WR,54,6.676501753499679,fitted,,,1qb_ppr
WR,55,6.5538277397408065,fitted,,,1qb_ppr
WR,56,6.433407737769444,fitted,,,1qb_ppr
WR,57,6.315200332382952,fitted,,,1qb_ppr
WR,58,6.199164869341444,fitted,,,1qb_ppr
WR,59,6.085261441385857,fitted,,,1qb_ppr
WR,60,5.973450874512928,fitted,,,1qb_ppr
WR,61,5.863694714502359,fitted,,,1qb_ppr
WR,62,5.7559552136915295,fitted,,,1qb_ppr
WR,63,5.6501953179932,fitted,,,1qb_ppr
WR,64,5.546378654151767,fitted,,,1qb_ppr
WR,65,5.444469517233669,fitted,,,1qb_ppr
WR,66,5.344432858347631,fitted,,,1qb_ppr
WR,67,5.246234272590555,fitted,,,1qb_ppr
WR,68,5.1498399872148815,fitted,,,1qb_ppr
WR,69,5.055216850013362,fitted,,,1qb_ppr
WR,70,4.962332317917259,fitted,,,1qb_ppr
WR,71,4.8711544458040406,fitted,,,1qb_ppr
WR,72,4.7816518755107085,fitted,,,1qb_ppr
WR,73,4.693793825049019,fitted,,,1qb_ppr
WR,74,4.607550078018841,fitted,,,1qb_ppr
WR,75,4.522890973216046,fitted,,,1qb_ppr
WR,76,4.439787394431341,fitted,,,1qb_ppr
WR,77,4.358210760436532,fitted,,,1qb_ppr
WR,78,4.27813301515479,fitted,,,1qb_ppr
WR,79,4.199526618011513,fitted,,,1qb_ppr
WR,80,4.1223645344624975,fitted,,,1qb_ppr
WR,81,4.046620226696135,fitted,,,1qb_ppr
WR,82,3.9722676445064513,fitted,,,1qb_ppr
WR,83,3.899281216333842,fitted,,,1qb_ppr
WR,84,3.8276358404704247,fitted,,,1qb_ppr
WR,85,3.7573068764269886,fitted,,,1qb_ppr
WR,86,3.68827013645856,fitted,,,1qb_ppr
WR,87,3.6205018772456894,fitted,,,1qb_ppr
WR,88,3.5539787917285697,fitted,,,1qb_ppr
WR,89,3.4886780010912095,fitted,,,1qb_ppr
WR,90,3.4245770468928822,fitted,,,1qb_ppr
WR,91,3.3616538833441507,fitted,,,1qb_ppr
WR,92,3.2998868697248165,fitted,,,1qb_ppr
WR,93,3.239254762941177,fitted,,,1qb_ppr
WR,94,3.179736710220044,fitted,,,1qb_ppr
WR,95,3.121312241936985,fitted,,,1qb_ppr
WR,96,3.0639612645763634,fitted,,,1qb_ppr
WR,97,3.007664053820706,fitted,,,1qb_ppr
WR,98,2.952401247767062,fitted,,,1qb_ppr
WR,99,2.8981538402680016,fitted,,,1qb_ppr
WR,100,2.8449031743949638,fitted,,,1qb_ppr
WR,101,2.7926309360217094,fitted,,,1qb_ppr
WR,102,2.7413191475256746,fitted,,,1qb_ppr
WR,103,2.690950161605054,fitted,,,1qb_ppr
WR,104,2.6415066552094872,fitted,,,1qb_ppr
WR,105,2.5929716235822635,fitted,,,1qb_ppr
WR,106,2.545328374411999,fitted,,,1qb_ppr
WR,107,2.4985605220917644,fitted,,,1qb_ppr
WR,108,2.4526519820836987,fitted,,,1qb_ppr
WR,109,2.407586965387171,fitted,,,1qb_ppr
WR,110,2.3633499731085768,fitted,,,1qb_ppr
WR,111,2.319925791130914,fitted,,,1qb_ppr
WR,112,2.2772994848813015,fitted,,,1qb_ppr
WR,113,2.2354563941946313,fitted,,,1qb_ppr
WR,114,2.1943821282716054,fitted,,,1qb_ppr
WR,115,2.154062560729411,fitted,,,1qb_ppr
WR,116,2.1144838247433264,fitted,,,1qb_ppr
WR,117,2.075632308277611,fitted,,,1qb_ppr
WR,118,2.037494649404004,fitted,,,1qb_ppr
WR,119,2.00005773170626,fitted,,,1qb_ppr
WR,120,1.9633086797691037,fitted,,,1qb_ppr
WR,121,1.9272348547500866,fitted,,,1qb_ppr
WR,122,1.8918238500327944,fitted,,,1qb_ppr
WR,123,1.8570634869599265,fitted,,,1qb_ppr
WR,124,1.822941810644781,fitted,,,1qb_ppr
WR,125,1.789447085859688,fitted,,,1qb_ppr
WR,126,1.756567793000002,fitted,,,1qb_ppr
WR,127,1.7242926241222405,fitted,,,1qb_ppr
WR,128,1.6926104790550256,fitted,,,1qb_ppr
WR,129,1.6615104615814784,fitted,,,1qb_ppr
WR,130,1.6309818756917618,fitted,,,1qb_ppr
WR,131,1.601014221904477,fitted,,,1qb_ppr
WR,132,1.5715971936556472,fitted,,,1qb_ppr
WR,133,1.5427206737540602,fitted,,,1qb_ppr
WR,134,1.514374730901727,fitted,,,1qb_ppr
WR,135,1.4865496162782874,fitted,,,1qb_ppr
WR,136,1.4592357601881605,fitted,,,1qb_ppr
WR,137,1.4324237687693124,fitted,,,1qb_ppr
WR,138,1.4061044207624862,fitted,,,1qb_ppr
WR,139,1.3802686643398039,fitted,,,1qb_ppr
WR,140,1.3549076139916327,fitted,,,1qb_ppr
WR,141,1.330012547470653,fitted,,,1qb_ppr
WR,142,1.3055749027920815,fitted,,,1qb_ppr
WR,143,1.2815862752890028,fitted,,,1qb_ppr
WR,144,1.258038414721817,fitted,,,1qb_ppr
WR,145,1.2349232224407876,fitted,,,1qb_ppr
WR,146,1.2122327486007345,fitted,,,1qb_ppr
WR,147,1.189959189426898,fitted,,,1qb_ppr
WR,148,1.168094884531039,fitted,,,1qb_ppr
WR,149,1.1466323142768617,fitted,,,1qb_ppr
WR,150,1.1255640971938305,fitted,,,1qb_ppr
WR,151,1.1048829874385206,fitted,,,1qb_ppr
WR,152,1.0845818723025993,fitted,,,1qb_ppr
WR,153,1.064653769766607,fitted,,,1qb_ppr
WR,154,1.0450918260986792,fitted,,,1qb_ppr
WR,155,1.0258893134973888,fitted,,,1qb_ppr
WR,156,1.0070396277779043,fitted,,,1qb_ppr
WR,157,0.9885362861006551,fitted,,,1qb_ppr
WR,158,0.9703729247417386,fitted,,,1qb_ppr
WR,159,0.9525432969042851,fitted,,,1qb_ppr
WR,160,0.9350412705700443,fitted,,,1qb_ppr
WR,161,0.9178608263904412,fitted,,,1qb_ppr
WR,162,0.9009960556163856,fitted,,,1qb_ppr
WR,163,0.8844411580661177,fitted,,,1qb_ppr
WR,164,0.8681904401303897,fitted,,,1qb_ppr
TE,1,13.786548815000957,fitted,,,1qb_ppr
TE,2,13.210225779331743,fitted,,,1qb_ppr
TE,3,12.657994940041768,fitted,,,1qb_ppr
TE,4,12.128849164168349,fitted,,,1qb_ppr
TE,5,11.621823420215547,fitted,,,1qb_ppr
TE,6,11.135993018174517,fitted,,,1qb_ppr
TE,7,10.670471923116828,fitted,,,1qb_ppr
TE,8,10.224411139285092,fitted,,,1qb_ppr
TE,9,9.796997161733923,fitted,,,1qb_ppr
TE,10,9.387450492697393,fitted,,,1qb_ppr
TE,11,8.9950242199772,fitted,,,1qb_ppr
TE,12,8.619002654758884,fitted,,,1qb_ppr
TE,13,8.258700026371802,fitted,,,1qb_ppr
TE,14,7.913459231612415,fitted,,,1qb_ppr
TE,15,7.582650636349982,fitted,,,1qb_ppr
TE,16,7.265670927229065,fitted,,,1qb_ppr
TE,17,6.96194201137465,fitted,,,1qb_ppr
TE,18,6.6709099620932,fitted,,,1qb_ppr
TE,19,6.392044008646875,fitted,,,1qb_ppr
TE,20,6.124835568258501,fitted,,,1qb_ppr
TE,21,5.868797318581925,fitted,,,1qb_ppr
TE,22,5.623462308946141,fitted,,,1qb_ppr
TE,23,5.388383108752337,fitted,,,1qb_ppr
TE,24,5.163130991470754,fitted,,,1qb_ppr
TE,25,4.947295152749137,fitted,,,1qb_ppr
TE,26,4.740481961206844,fitted,,,1qb_ppr
TE,27,4.5423142405482,fitted,,,1qb_ppr
TE,28,4.35243058168589,fitted,,,1qb_ppr
TE,29,4.170484683619843,fitted,,,1qb_ppr
TE,30,3.996144721869554,fitted,,,1qb_ppr
TE,31,3.8290927433079993,fitted,,,1qb_ppr
TE,32,3.6690240862934864,fitted,,,1qb_ppr
TE,33,3.5156468250419013,fitted,,,1qb_ppr
TE,34,3.368681237226019,fitted,,,1qb_ppr
TE,35,3.2278592938309054,fitted,,,1qb_ppr
TE,36,3.092924170335056,fitted,,,1qb_ppr
TE,37,2.963629778325749,fitted,,,1qb_ppr
TE,38,2.839740316694429,fitted,,,1qb_ppr
TE,39,2.721029841593596,fitted,,,1qb_ppr
TE,40,2.6072818543709047,fitted,,,1qb_ppr
TE,41,2.498288906728976,fitted,,,1qb_ppr
TE,42,2.3938522223908243,fitted,,,1qb_ppr
TE,43,2.293781334580917,fitted,,,1qb_ppr
TE,44,2.1978937386607074,fitted,,,1qb_ppr
TE,45,2.1060145592851534,fitted,,,1qb_ppr
TE,46,2.0179762314731837,fitted,,,1qb_ppr
TE,47,1.9336181950104618,fitted,,,1qb_ppr
TE,48,1.852786601627127,fitted,,,1qb_ppr
TE,49,1.77533403441646,fitted,,,1qb_ppr
TE,50,1.7011192389827778,fitted,,,1qb_ppr
TE,51,1.6300068658282216,fitted,,,1qb_ppr
TE,52,1.561867223508628,fitted,,,1qb_ppr
TE,53,1.4965760421082976,fitted,,,1qb_ppr
TE,54,1.4340142466022907,fitted,,,1qb_ppr
TE,55,1.374067739692927,fitted,,,1qb_ppr
TE,56,1.3166271937244318,fitted,,,1qb_ppr
TE,57,1.2615878512962337,fitted,,,1qb_ppr
TE,58,1.2088493342112823,fitted,,,1qb_ppr
TE,59,1.1583154604109518,fitted,,,1qb_ppr
TE,60,1.1098940685626704,fitted,,,1qb_ppr
TE,61,1.0634968499803599,fitted,,,1qb_ppr
TE,62,1.0190391875711553,fitted,,,1qb_ppr
TE,63,0.9764400015146806,fitted,,,1qb_ppr
TE,64,0.935621601393435,fitted,,,1qb_ppr
TE,65,0.8965095445046192,fitted,,,1qb_ppr
TE,66,0.8590325000949889,fitted,,,1qb_ppr
TE,67,0.8231221192711407,fitted,,,1qb_ppr
TE,68,0.7887129103479728,fitted,,,1qb_ppr
TE,69,0.7557421194079911,fitted,,,1qb_ppr
TE,70,0.7241496158536295,fitted,,,1qb_ppr
TE,71,0.6938777827438556,fitted,,,1qb_ppr
TE,72,0.6648714117150715,fitted,,,1qb_ppr
TE,73,0.6370776022946623,fitted,,,1qb_ppr
TE,74,0.610445665423571,fitted,,,1qb_ppr
TE,75,0.5849270310119462,fitted,,,1qb_ppr
TE,76,0.5604751593592681,fitted,,,1qb_ppr
TE,77,0.5370454562774024,fitted,,,1qb_ppr
TE,78,0.5145951917617917,fitted,,,1qb_ppr
TE,79,0.4930834220624569,fitted,,,1qb_ppr
TE,80,0.4724709150126874,fitted,,,1qb_ppr
QB,1,23.06,empirical,4.0,3.0,1qb_ppr
QB,2,21.79642857142857,empirical,4.0,3.0,1qb_ppr
QB,3,20.312142857142856,empirical,4.0,3.0,1qb_ppr
QB,4,19.752142857142857,empirical,4.0,4.0,1qb_ppr
QB,5,18.574285714285715,empirical,4.0,4.0,1qb_ppr
QB,6,18.124285714285712,empirical,4.0,4.0,1qb_ppr
QB,7,17.57714285714286,empirical,4.0,4.0,1qb_ppr
QB,8,17.286428571428573,empirical,4.0,4.0,1qb_ppr
QB,9,17.075000000000003,empirical,4.0,4.0,1qb_ppr
QB,10,16.61857142857143,empirical,4.0,3.0,1qb_ppr
QB,11,16.46071428571429,empirical,4.0,4.0,1qb_ppr
QB,12,15.963571428571427,empirical,4.0,4.0,1qb_ppr
QB,13,15.677857142857144,empirical,4.0,4.0,1qb_ppr
QB,14,15.168571428571429,empirical,4.0,4.0,1qb_ppr
QB,15,14.508571428571429,empirical,4.0,4.0,1qb_ppr
QB,16,14.354285714285714,empirical,4.0,4.0,1qb_ppr
QB,17,14.222857142857144,empirical,4.0,4.0,1qb_ppr
QB,18,13.498571428571429,empirical,4.0,2.0,1qb_ppr
QB,19,12.788285714285717,empirical,4.0,4.0,1qb_ppr
QB,20,12.239285714285714,empirical,4.0,4.0,1qb_ppr
QB,21,11.982142857142858,empirical,4.0,4.0,1qb_ppr
QB,22,11.377857142857142,empirical,4.0,4.0,1qb_ppr
QB,23,11.10857142857143,empirical,4.0,4.0,1qb_ppr
QB,24,10.905714285714286,empirical,4.0,4.0,1qb_ppr
QB,25,10.433571428571428,empirical,4.0,4.0,1qb_ppr
QB,26,9.814642857142857,empirical,4.0,4.0,1qb_ppr
QB,27,9.610714285714286,empirical,4.0,4.0,1qb_ppr
QB,28,9.108571428571429,empirical,4.0,3.0,1qb_ppr
QB,29,8.702142857142857,empirical,4.0,3.0,1qb_ppr
QB,30,8.488095238095237,empirical,4.0,4.0,1qb_ppr
QB,31,7.883571428571429,empirical,4.0,3.0,1qb_ppr
QB,32,7.666269841269841,empirical,4.0,4.0,1qb_ppr
QB,33,7.073571428571428,empirical,4.0,4.0,1qb_ppr
QB,34,6.391071428571429,empirical,4.0,4.0,1qb_ppr
QB,35,5.815714285714286,empirical,4.0,4.0,1qb_ppr
QB,36,5.459999999999999,empirical,4.0,4.0,1qb_ppr
QB,37,5.317380952380953,empirical,4.0,4.0,1qb_ppr
QB,38,4.956428571428571,empirical,4.0,4.0,1qb_ppr
QB,39,4.0007142857142854,empirical,4.0,4.0,1qb_ppr
QB,40,3.7860683760683758,empirical,4.0,4.0,1qb_ppr
QB,41,3.1992857142857143,empirical,4.0,4.0,1qb_ppr
QB,42,2.7564285714285717,empirical,4.0,4.0,1qb_ppr
QB,43,2.692142857142857,empirical,4.0,4.0,1qb_ppr
QB,44,2.394166666666667,empirical,4.0,3.0,1qb_ppr
QB,45,2.057857142857143,empirical,4.0,4.0,1qb_ppr
QB,46,1.0150000000000001,empirical,4.0,4.0,1qb_ppr
QB,47,0.705,empirical,4.0,4.0,1qb_ppr
QB,48,0.5031318681318682,empirical,4.0,4.0,1qb_ppr
QB,49,0.3678571428571429,empirical,4.0,4.0,1qb_ppr
QB,50,0.13582417582417583,empirical,4.0,4.0,1qb_ppr
QB,51,0.12142857142857141,empirical,4.0,4.0,1qb_ppr
QB,52,0.0,empirical,4.0,4.0,1qb_ppr
QB,53,0.0,empirical,4.0,4.0,1qb_ppr
QB,54,0.0,empirical,3.0,3.0,1qb_ppr
QB,55,0.0,empirical,3.0,3.0,1qb_ppr
QB,56,0.0,empirical,3.0,3.0,1qb_ppr
QB,57,0.0,empirical,3.0,3.0,1qb_ppr
QB,58,0.0,empirical,3.0,3.0,1qb_ppr
QB,59,0.0,empirical,2.0,2.0,1qb_ppr
QB,60,-0.0035714285714285718,empirical,2.0,2.0,1qb_ppr
QB,61,-0.02214285714285714,empirical,2.0,2.0,1qb_ppr
QB,62,-0.0071428571428571435,empirical,1.0,1.0,1qb_ppr
QB,63,-0.028571428571428574,empirical,1.0,1.0,1qb_ppr
QB,64,-0.11666666666666665,empirical,1.0,1.0,1qb_ppr
RB,1,21.835714285714282,empirical,4.0,3.0,1qb_ppr
RB,2,19.178571428571427,empirical,4.0,4.0,1qb_ppr
RB,3,18.459285714285713,empirical,4.0,4.0,1qb_ppr
RB,4,17.530714285714286,empirical,4.0,4.0,1qb_ppr
RB,5,16.542857142857144,empirical,4.0,4.0,1qb_ppr
RB,6,16.246428571428574,empirical,4.0,4.0,1qb_ppr
RB,7,15.29642857142857,empirical,4.0,4.0,1qb_ppr
RB,8,14.617857142857144,empirical,4.0,4.0,1qb_ppr
RB,9,14.414285714285715,empirical,4.0,4.0,1qb_ppr
RB,10,13.896428571428572,empirical,4.0,4.0,1qb_ppr
RB,11,13.642857142857142,empirical,4.0,4.0,1qb_ppr
RB,12,13.503571428571428,empirical,4.0,4.0,1qb_ppr
RB,13,13.071428571428571,empirical,4.0,4.0,1qb_ppr
RB,14,12.907142857142857,empirical,4.0,3.0,1qb_ppr
RB,15,12.832142857142857,empirical,4.0,4.0,1qb_ppr
RB,16,12.377142857142857,empirical,4.0,4.0,1qb_ppr
RB,17,12.010714285714286,empirical,4.0,3.0,1qb_ppr
RB,18,11.808730158730157,empirical,4.0,4.0,1qb_ppr
RB,19,11.514285714285714,empirical,4.0,4.0,1qb_ppr
RB,20,11.235714285714286,empirical,4.0,4.0,1qb_ppr
RB,21,10.907142857142858,empirical,4.0,4.0,1qb_ppr
RB,22,10.742857142857144,empirical,4.0,4.0,1qb_ppr
RB,23,10.55,empirical,4.0,4.0,1qb_ppr
RB,24,10.365,empirical,4.0,4.0,1qb_ppr
RB,25,10.153571428571428,empirical,4.0,4.0,1qb_ppr
RB,26,10.067857142857143,empirical,4.0,4.0,1qb_ppr
RB,27,9.732142857142858,empirical,4.0,3.0,1qb_ppr
RB,28,9.539285714285715,empirical,4.0,4.0,1qb_ppr
RB,29,9.382142857142856,empirical,4.0,4.0,1qb_ppr
RB,30,9.175,empirical,4.0,4.0,1qb_ppr
RB,31,8.785714285714286,empirical,4.0,4.0,1qb_ppr
RB,32,8.457142857142856,empirical,4.0,4.0,1qb_ppr
RB,33,8.217857142857142,empirical,4.0,4.0,1qb_ppr
RB,34,7.860714285714286,empirical,4.0,4.0,1qb_ppr
RB,35,7.707142857142856,empirical,4.0,4.0,1qb_ppr
RB,36,7.567857142857143,empirical,4.0,4.0,1qb_ppr
RB,37,7.428571428571429,empirical,4.0,4.0,1qb_ppr
RB,38,7.2214285714285715,empirical,4.0,4.0,1qb_ppr
RB,39,6.957142857142857,empirical,4.0,4.0,1qb_ppr
RB,40,6.678571428571429,empirical,4.0,4.0,1qb_ppr
RB,41,6.614285714285714,empirical,4.0,4.0,1qb_ppr
RB,42,6.496428571428572,empirical,4.0,4.0,1qb_ppr
RB,43,6.33,empirical,4.0,4.0,1qb_ppr
RB,44,6.053571428571429,empirical,4.0,4.0,1qb_ppr
RB,45,5.992142857142857,empirical,4.0,4.0,1qb_ppr
RB,46,5.696428571428571,empirical,4.0,4.0,1qb_ppr
RB,47,5.678571428571428,empirical,4.0,3.0,1qb_ppr
RB,48,5.527083333333334,empirical,4.0,4.0,1qb_ppr
RB,49,5.4642857142857135,empirical,4.0,4.0,1qb_ppr
RB,50,5.417857142857143,empirical,4.0,4.0,1qb_ppr
RB,51,5.25625,empirical,4.0,4.0,1qb_ppr
RB,52,5.014285714285714,empirical,4.0,4.0,1qb_ppr
RB,53,4.875,empirical,4.0,4.0,1qb_ppr
RB,54,4.703571428571429,empirical,4.0,4.0,1qb_ppr
RB,55,4.607142857142858,empirical,4.0,4.0,1qb_ppr
RB,56,4.470634920634922,empirical,4.0,4.0,1qb_ppr
RB,57,4.333241758241758,empirical,4.0,3.0,1qb_ppr
RB,58,4.210714285714285,empirical,4.0,4.0,1qb_ppr
RB,59,3.9642857142857144,empirical,4.0,4.0,1qb_ppr
RB,60,3.8535714285714286,empirical,4.0,4.0,1qb_ppr
RB,61,3.4978571428571428,empirical,4.0,4.0,1qb_ppr
RB,62,3.3892857142857142,empirical,4.0,4.0,1qb_ppr
RB,63,3.3649999999999998,empirical,4.0,4.0,1qb_ppr
RB,64,3.0785714285714283,empirical,4.0,4.0,1qb_ppr
RB,65,2.975892857142857,empirical,4.0,4.0,1qb_ppr
RB,66,2.8876984126984127,empirical,4.0,4.0,1qb_ppr
RB,67,2.6421428571428573,empirical,4.0,4.0,1qb_ppr
RB,68,2.5542207792207794,empirical,4.0,4.0,1qb_ppr
RB,69,2.3857142857142857,empirical,4.0,4.0,1qb_ppr
RB,70,2.3,empirical,4.0,4.0,1qb_ppr
RB,71,2.257142857142857,empirical,4.0,4.0,1qb_ppr
RB,72,2.105952380952381,empirical,4.0,4.0,1qb_ppr
RB,73,1.9178571428571431,empirical,4.0,4.0,1qb_ppr
RB,74,1.7857142857142856,empirical,4.0,4.0,1qb_ppr
RB,75,1.6714285714285713,empirical,4.0,4.0,1qb_ppr
RB,76,1.6,empirical,4.0,4.0,1qb_ppr
RB,77,1.4249999999999998,empirical,4.0,4.0,1qb_ppr
RB,78,1.268452380952381,empirical,4.0,4.0,1qb_ppr
RB,79,1.225,empirical,4.0,4.0,1qb_ppr
RB,80,1.1964285714285716,empirical,4.0,3.0,1qb_ppr
RB,81,1.0678571428571428,empirical,4.0,4.0,1qb_ppr
RB,82,0.9464285714285714,empirical,4.0,4.0,1qb_ppr
RB,83,0.8222222222222222,empirical,4.0,4.0,1qb_ppr
RB,84,0.7714285714285714,empirical,4.0,4.0,1qb_ppr
RB,85,0.7464285714285714,empirical,4.0,4.0,1qb_ppr
RB,86,0.6928571428571428,empirical,4.0,4.0,1qb_ppr
RB,87,0.5964285714285714,empirical,4.0,4.0,1qb_ppr
RB,88,0.46785714285714286,empirical,4.0,4.0,1qb_ppr
RB,89,0.44285714285714284,empirical,4.0,4.0,1qb_ppr
RB,90,0.2857142857142857,empirical,4.0,4.0,1qb_ppr
RB,91,0.26666666666666666,empirical,4.0,4.0,1qb_ppr
RB,92,0.2285714285714286,empirical,4.0,4.0,1qb_ppr
RB,93,0.18571428571428572,empirical,4.0,4.0,1qb_ppr
RB,94,0.13571428571428573,empirical,4.0,4.0,1qb_ppr
RB,95,0.1318181818181818,empirical,4.0,4.0,1qb_ppr
RB,96,0.12,empirical,4.0,4.0,1qb_ppr
RB,97,0.1142857142857143,empirical,4.0,4.0,1qb_ppr
RB,98,0.09444444444444444,empirical,4.0,4.0,1qb_ppr
RB,99,0.08928571428571429,empirical,4.0,4.0,1qb_ppr
RB,100,0.1142857142857143,empirical,3.0,3.0,1qb_ppr
RB,101,0.2714285714285714,empirical,2.0,2.0,1qb_ppr
RB,102,0.25,empirical,2.0,2.0,1qb_ppr
RB,103,0.2214285714285714,empirical,2.0,2.0,1qb_ppr
RB,104,0.19285714285714287,empirical,2.0,2.0,1qb_ppr
RB,105,0.15714285714285717,empirical,2.0,2.0,1qb_ppr
RB,106,0.14999999999999997,empirical,2.0,2.0,1qb_ppr
RB,107,0.1464285714285714,empirical,2.0,2.0,1qb_ppr
RB,108,0.13214285714285715,empirical,2.0,2.0,1qb_ppr
RB,109,0.06785714285714285,empirical,2.0,2.0,1qb_ppr
RB,110,0.06071428571428572,empirical,2.0,2.0,1qb_ppr
RB,111,0.03214285714285715,empirical,2.0,2.0,1qb_ppr
RB,112,0.025,empirical,2.0,2.0,1qb_ppr
RB,113,0.024999999999999998,empirical,2.0,2.0,1qb_ppr
RB,114,0.028571428571428574,empirical,1.0,1.0,1qb_ppr
RB,115,0.02142857142857143,empirical,1.0,1.0,1qb_ppr
RB,116,0.014285714285714287,empirical,1.0,1.0,1qb_ppr
RB,117,0.0,empirical,1.0,1.0,1qb_ppr
RB,118,0.0,empirical,1.0,1.0,1qb_ppr
RB,119,0.0,empirical,1.0,1.0,1qb_ppr
RB,120,0.0,empirical,1.0,1.0,1qb_ppr
RB,121,0.0,empirical,1.0,1.0,1qb_ppr
RB,122,0.0,empirical,1.0,1.0,1qb_ppr
RB,123,0.0,empirical,1.0,1.0,1qb_ppr
RB,124,0.0,empirical,1.0,1.0,1qb_ppr
RB,125,0.0,empirical,1.0,1.0,1qb_ppr
RB,126,0.0,empirical,1.0,1.0,1qb_ppr
RB,127,0.0,empirical,1.0,1.0,1qb_ppr
RB,128,0.0,empirical,1.0,1.0,1qb_ppr
RB,129,0.0,empirical,1.0,1.0,1qb_ppr
TE,1,15.728571428571428,empirical,4.0,3.0,1qb_ppr
TE,2,12.660714285714285,empirical,4.0,4.0,1qb_ppr
TE,3,12.192857142857143,empirical,4.0,4.0,1qb_ppr
TE,4,11.457142857142856,empirical,4.0,4.0,1qb_ppr
TE,5,11.121428571428572,empirical,4.0,4.0,1qb_ppr
TE,6,10.003571428571428,empirical,4.0,4.0,1qb_ppr
TE,7,9.732142857142858,empirical,4.0,3.0,1qb_ppr
TE,8,9.639285714285714,empirical,4.0,4.0,1qb_ppr
TE,9,9.60357142857143,empirical,4.0,4.0,1qb_ppr
TE,10,9.253571428571428,empirical,4.0,4.0,1qb_ppr
TE,11,8.767857142857142,empirical,4.0,4.0,1qb_ppr
TE,12,8.477857142857143,empirical,4.0,4.0,1qb_ppr
TE,13,8.0,empirical,4.0,4.0,1qb_ppr
TE,14,7.771428571428571,empirical,4.0,4.0,1qb_ppr
TE,15,7.632467532467532,empirical,4.0,4.0,1qb_ppr
TE,16,7.408241758241758,empirical,4.0,4.0,1qb_ppr
TE,17,7.276428571428571,empirical,4.0,4.0,1qb_ppr
TE,18,7.128296703296704,empirical,4.0,4.0,1qb_ppr
TE,19,7.0,empirical,4.0,4.0,1qb_ppr
TE,20,6.549603174603174,empirical,4.0,4.0,1qb_ppr
TE,21,6.289285714285715,empirical,4.0,4.0,1qb_ppr
TE,22,6.114285714285715,empirical,4.0,4.0,1qb_ppr
TE,23,6.05,empirical,4.0,4.0,1qb_ppr
TE,24,5.885714285714286,empirical,4.0,4.0,1qb_ppr
TE,25,5.678571428571429,empirical,4.0,4.0,1qb_ppr
TE,26,5.417857142857143,empirical,4.0,4.0,1qb_ppr
TE,27,5.232142857142858,empirical,4.0,4.0,1qb_ppr
TE,28,4.9035714285714285,empirical,4.0,4.0,1qb_ppr
TE,29,4.692857142857143,empirical,4.0,4.0,1qb_ppr
TE,30,4.537142857142857,empirical,4.0,4.0,1qb_ppr
TE,31,4.4107142857142865,empirical,4.0,4.0,1qb_ppr
TE,32,4.360714285714286,empirical,4.0,4.0,1qb_ppr
TE,33,4.248571428571428,empirical,4.0,4.0,1qb_ppr
TE,34,4.111309523809524,empirical,4.0,4.0,1qb_ppr
TE,35,3.882142857142857,empirical,4.0,4.0,1qb_ppr
TE,36,3.7249999999999996,empirical,4.0,4.0,1qb_ppr
TE,37,3.6285714285714286,empirical,4.0,4.0,1qb_ppr
TE,38,3.2678571428571423,empirical,4.0,4.0,1qb_ppr
TE,39,3.067857142857143,empirical,4.0,4.0,1qb_ppr
TE,40,3.0364285714285715,empirical,4.0,4.0,1qb_ppr
TE,41,2.9142857142857146,empirical,4.0,4.0,1qb_ppr
TE,42,2.6285714285714286,empirical,4.0,4.0,1qb_ppr
TE,43,2.492857142857143,empirical,4.0,4.0,1qb_ppr
TE,44,2.1035714285714286,empirical,4.0,4.0,1qb_ppr
TE,45,1.95,empirical,4.0,4.0,1qb_ppr
TE,46,1.644642857142857,empirical,4.0,4.0,1qb_ppr
TE,47,1.5430555555555556,empirical,4.0,4.0,1qb_ppr
TE,48,1.1904761904761905,empirical,4.0,4.0,1qb_ppr
TE,49,1.0735714285714286,empirical,4.0,4.0,1qb_ppr
TE,50,0.9253246753246753,empirical,4.0,4.0,1qb_ppr
TE,51,0.5821428571428572,empirical,4.0,4.0,1qb_ppr
TE,52,0.2307142857142857,empirical,4.0,4.0,1qb_ppr
TE,53,0.07857142857142858,empirical,3.0,3.0,1qb_ppr
TE,54,0.0,empirical,3.0,3.0,1qb_ppr
TE,55,0.0,empirical,3.0,3.0,1qb_ppr
TE,56,0.42857142857142855,empirical,2.0,2.0,1qb_ppr
TE,57,0.35000000000000003,empirical,2.0,2.0,1qb_ppr
TE,58,0.5928571428571429,empirical,1.0,1.0,1qb_ppr
TE,59,0.3071428571428571,empirical,1.0,1.0,1qb_ppr
TE,60,0.0,empirical,1.0,1.0,1qb_ppr
TE,61,0.0,empirical,1.0,1.0,1qb_ppr
TE,62,0.0,empirical,1.0,1.0,1qb_ppr
TE,63,0.0,empirical,1.0,1.0,1qb_ppr
TE,64,0.0,empirical,1.0,1.0,1qb_ppr
WR,1,21.934285714285714,empirical,4.0,4.0,1qb_ppr
WR,2,19.378571428571426,empirical,4.0,4.0,1qb_ppr
WR,3,18.732142857142858,empirical,4.0,4.0,1qb_ppr
WR,4,17.475,empirical,4.0,4.0,1qb_ppr
WR,5,15.889285714285714,empirical,4.0,3.0,1qb_ppr
WR,6,15.303571428571429,empirical,4.0,4.0,1qb_ppr
WR,7,14.639285714285712,empirical,4.0,4.0,1qb_ppr
WR,8,14.353571428571428,empirical,4.0,4.0,1qb_ppr
WR,9,13.725000000000001,empirical,4.0,4.0,1qb_ppr
WR,10,13.471428571428572,empirical,4.0,4.0,1qb_ppr
WR,11,13.442857142857143,empirical,4.0,4.0,1qb_ppr
WR,12,13.292857142857144,empirical,4.0,4.0,1qb_ppr
WR,13,13.146428571428572,empirical,4.0,4.0,1qb_ppr
WR,14,12.934999999999999,empirical,4.0,4.0,1qb_ppr
WR,15,12.535714285714285,empirical,4.0,4.0,1qb_ppr
WR,16,12.528571428571428,empirical,4.0,3.0,1qb_ppr
WR,17,12.446428571428571,empirical,4.0,4.0,1qb_ppr
WR,18,12.307142857142857,empirical,4.0,4.0,1qb_ppr
WR,19,12.128571428571428,empirical,4.0,4.0,1qb_ppr
WR,20,11.87142857142857,empirical,4.0,4.0,1qb_ppr
WR,21,11.742857142857144,empirical,4.0,4.0,1qb_ppr
WR,22,11.614285714285714,empirical,4.0,4.0,1qb_ppr
WR,23,11.303571428571429,empirical,4.0,4.0,1qb_ppr
WR,24,11.253571428571428,empirical,4.0,4.0,1qb_ppr
WR,25,11.2,empirical,4.0,4.0,1qb_ppr
WR,26,11.028571428571428,empirical,4.0,4.0,1qb_ppr
WR,27,10.957142857142857,empirical,4.0,4.0,1qb_ppr
WR,28,10.803571428571429,empirical,4.0,4.0,1qb_ppr
WR,29,10.592857142857142,empirical,4.0,4.0,1qb_ppr
WR,30,10.457142857142856,empirical,4.0,4.0,1qb_ppr
WR,31,10.260714285714286,empirical,4.0,4.0,1qb_ppr
WR,32,10.221428571428572,empirical,4.0,4.0,1qb_ppr
WR,33,10.064285714285715,empirical,4.0,4.0,1qb_ppr
WR,34,9.914285714285715,empirical,4.0,4.0,1qb_ppr
WR,35,9.871428571428572,empirical,4.0,4.0,1qb_ppr
WR,36,9.778571428571428,empirical,4.0,4.0,1qb_ppr
WR,37,9.735714285714284,empirical,4.0,3.0,1qb_ppr
WR,38,9.417857142857141,empirical,4.0,4.0,1qb_ppr
WR,39,9.223571428571429,empirical,4.0,4.0,1qb_ppr
WR,40,9.17142857142857,empirical,4.0,4.0,1qb_ppr
WR,41,9.089285714285715,empirical,4.0,4.0,1qb_ppr
WR,42,8.942857142857143,empirical,4.0,4.0,1qb_ppr
WR,43,8.782142857142858,empirical,4.0,4.0,1qb_ppr
WR,44,8.742857142857144,empirical,4.0,4.0,1qb_ppr
WR,45,8.467857142857143,empirical,4.0,4.0,1qb_ppr
WR,46,8.378571428571428,empirical,4.0,4.0,1qb_ppr
WR,47,8.035714285714285,empirical,4.0,4.0,1qb_ppr
WR,48,7.95,empirical,4.0,4.0,1qb_ppr
WR,49,7.789285714285715,empirical,4.0,4.0,1qb_ppr
WR,50,7.539285714285715,empirical,4.0,4.0,1qb_ppr
WR,51,7.485714285714286,empirical,4.0,4.0,1qb_ppr
WR,52,7.45,empirical,4.0,4.0,1qb_ppr
WR,53,7.242857142857142,empirical,4.0,4.0,1qb_ppr
WR,54,7.194285714285714,empirical,4.0,4.0,1qb_ppr
WR,55,7.039285714285715,empirical,4.0,4.0,1qb_ppr
WR,56,6.917857142857143,empirical,4.0,4.0,1qb_ppr
WR,57,6.8685064935064934,empirical,4.0,4.0,1qb_ppr
WR,58,6.785714285714286,empirical,4.0,4.0,1qb_ppr
WR,59,6.607142857142858,empirical,4.0,4.0,1qb_ppr
WR,60,6.502472527472528,empirical,4.0,4.0,1qb_ppr
WR,61,6.360714285714286,empirical,4.0,4.0,1qb_ppr
WR,62,6.171428571428571,empirical,4.0,4.0,1qb_ppr
WR,63,6.067857142857143,empirical,4.0,4.0,1qb_ppr
WR,64,6.042857142857143,empirical,4.0,4.0,1qb_ppr
WR,65,5.982142857142858,empirical,4.0,4.0,1qb_ppr
WR,66,5.864285714285714,empirical,4.0,4.0,1qb_ppr
WR,67,5.7821428571428575,empirical,4.0,4.0,1qb_ppr
WR,68,5.753571428571428,empirical,4.0,4.0,1qb_ppr
WR,69,5.70974025974026,empirical,4.0,4.0,1qb_ppr
WR,70,5.65,empirical,4.0,4.0,1qb_ppr
WR,71,5.59945054945055,empirical,4.0,4.0,1qb_ppr
WR,72,5.571428571428571,empirical,4.0,4.0,1qb_ppr
WR,73,5.539835164835164,empirical,4.0,4.0,1qb_ppr
WR,74,5.446428571428571,empirical,4.0,4.0,1qb_ppr
WR,75,5.420833333333333,empirical,4.0,4.0,1qb_ppr
WR,76,5.283333333333333,empirical,4.0,4.0,1qb_ppr
WR,77,5.228571428571429,empirical,4.0,4.0,1qb_ppr
WR,78,5.205714285714286,empirical,4.0,4.0,1qb_ppr
WR,79,5.092857142857143,empirical,4.0,4.0,1qb_ppr
WR,80,5.059285714285714,empirical,4.0,4.0,1qb_ppr
WR,81,5.007142857142857,empirical,4.0,4.0,1qb_ppr
WR,82,4.842857142857143,empirical,4.0,4.0,1qb_ppr
WR,83,4.657142857142857,empirical,4.0,4.0,1qb_ppr
WR,84,4.45,empirical,4.0,4.0,1qb_ppr
WR,85,4.431493506493506,empirical,4.0,4.0,1qb_ppr
WR,86,4.314285714285714,empirical,4.0,4.0,1qb_ppr
WR,87,4.246428571428572,empirical,4.0,4.0,1qb_ppr
WR,88,4.167857142857143,empirical,4.0,4.0,1qb_ppr
WR,89,3.996428571428571,empirical,4.0,4.0,1qb_ppr
WR,90,3.949404761904762,empirical,4.0,4.0,1qb_ppr
WR,91,3.8714285714285714,empirical,4.0,4.0,1qb_ppr
WR,92,3.7659090909090907,empirical,4.0,4.0,1qb_ppr
WR,93,3.617857142857143,empirical,4.0,4.0,1qb_ppr
WR,94,3.592857142857143,empirical,4.0,4.0,1qb_ppr
WR,95,3.492857142857143,empirical,4.0,4.0,1qb_ppr
WR,96,3.457142857142857,empirical,4.0,4.0,1qb_ppr
WR,97,3.432857142857143,empirical,4.0,4.0,1qb_ppr
WR,98,3.296428571428571,empirical,4.0,4.0,1qb_ppr
WR,99,3.2,empirical,4.0,4.0,1qb_ppr
WR,100,3.1483516483516483,empirical,4.0,4.0,1qb_ppr
WR,101,3.0984126984126985,empirical,4.0,4.0,1qb_ppr
WR,102,2.939285714285714,empirical,4.0,4.0,1qb_ppr
WR,103,2.9098214285714286,empirical,4.0,4.0,1qb_ppr
WR,104,2.875,empirical,4.0,4.0,1qb_ppr
WR,105,2.753571428571429,empirical,4.0,4.0,1qb_ppr
WR,106,2.6285714285714286,empirical,4.0,4.0,1qb_ppr
WR,107,2.534265734265734,empirical,4.0,4.0,1qb_ppr
WR,108,2.382142857142857,empirical,4.0,4.0,1qb_ppr
WR,109,2.317857142857143,empirical,4.0,4.0,1qb_ppr
WR,110,2.282142857142857,empirical,4.0,4.0,1qb_ppr
WR,111,2.2142857142857144,empirical,4.0,4.0,1qb_ppr
WR,112,2.067857142857143,empirical,4.0,4.0,1qb_ppr
WR,113,1.932142857142857,empirical,4.0,4.0,1qb_ppr
WR,114,1.7922077922077921,empirical,4.0,4.0,1qb_ppr
WR,115,1.7607142857142857,empirical,4.0,4.0,1qb_ppr
WR,116,1.6214285714285714,empirical,4.0,4.0,1qb_ppr
WR,117,1.6008928571428571,empirical,4.0,4.0,1qb_ppr
WR,118,1.532142857142857,empirical,4.0,4.0,1qb_ppr
WR,119,1.4500000000000002,empirical,4.0,4.0,1qb_ppr
WR,120,1.3885714285714286,empirical,4.0,4.0,1qb_ppr
WR,121,1.2473214285714285,empirical,4.0,4.0,1qb_ppr
WR,122,1.125,empirical,4.0,4.0,1qb_ppr
WR,123,1.0853174603174605,empirical,4.0,4.0,1qb_ppr
WR,124,0.9330357142857143,empirical,4.0,4.0,1qb_ppr
WR,125,0.7611111111111112,empirical,4.0,4.0,1qb_ppr
WR,126,0.6785714285714286,empirical,4.0,4.0,1qb_ppr
WR,127,0.65,empirical,4.0,4.0,1qb_ppr
WR,128,0.5714285714285714,empirical,4.0,4.0,1qb_ppr
WR,129,0.5571428571428572,empirical,4.0,4.0,1qb_ppr
WR,130,0.4892857142857142,empirical,4.0,4.0,1qb_ppr
WR,131,0.30625,empirical,4.0,4.0,1qb_ppr
WR,132,0.29642857142857143,empirical,4.0,4.0,1qb_ppr
WR,133,0.2714285714285714,empirical,4.0,4.0,1qb_ppr
WR,134,0.2590909090909091,empirical,4.0,4.0,1qb_ppr
WR,135,0.23214285714285715,empirical,4.0,4.0,1qb_ppr
WR,136,0.22857142857142856,empirical,4.0,4.0,1qb_ppr
WR,137,0.1392857142857143,empirical,4.0,4.0,1qb_ppr
WR,138,0.1142857142857143,empirical,4.0,4.0,1qb_ppr
WR,139,0.0,empirical,3.0,3.0,1qb_ppr
WR,140,0.0,empirical,3.0,3.0,1qb_ppr
WR,141,0.0,empirical,3.0,3.0,1qb_ppr
WR,142,0.0,empirical,3.0,3.0,1qb_ppr
WR,143,0.0,empirical,3.0,3.0,1qb_ppr
WR,144,0.1142857142857143,empirical,2.0,2.0,1qb_ppr
WR,145,0.08125,empirical,2.0,2.0,1qb_ppr
WR,146,0.07142857142857142,empirical,2.0,2.0,1qb_ppr
WR,147,0.05714285714285715,empirical,2.0,2.0,1qb_ppr
WR,148,0.04642857142857142,empirical,2.0,2.0,1qb_ppr
WR,149,0.0,empirical,2.0,2.0,1qb_ppr
WR,150,0.0,empirical,2.0,2.0,1qb_ppr
WR,151,0.0,empirical,1.0,1.0,1qb_ppr
WR,152,0.0,empirical,1.0,1.0,1qb_ppr
WR,153,0.0,empirical,1.0,1.0,1qb_ppr
WR,154,0.0,empirical,1.0,1.0,1qb_ppr
WR,155,0.0,empirical,1.0,1.0,1qb_ppr
WR,156,0.0,empirical,1.0,1.0,1qb_ppr
WR,157,0.0,empirical,1.0,1.0,1qb_ppr
WR,158,0.0,empirical,1.0,1.0,1qb_ppr
WR,159,0.0,empirical,1.0,1.0,1qb_ppr
WR,160,0.0,empirical,1.0,1.0,1qb_ppr
WR,161,0.0,empirical,1.0,1.0,1qb_ppr
WR,162,0.0,empirical,1.0,1.0,1qb_ppr
WR,163,0.0,empirical,1.0,1.0,1qb_ppr
WR,164,0.0,empirical,1.0,1.0,1qb_ppr
QB,1,23.970256009669168,fitted,,,sf_half_ppr
QB,2,22.963016495589617,fitted,,,sf_half_ppr
QB,3,21.998101579057707,fitted,,,sf_half_ppr
QB,4,21.0737327639635,fitted,,,sf_half_ppr
QB,5,20.188206287297806,fitted,,,sf_half_ppr
QB,6,19.339889978838144,fitted,,,sf_half_ppr
QB,7,18.527220252791867,fitted,,,sf_half_ppr
QB,8,17.748699225851677,fitted,,,sf_half_ppr
QB,9,17.002891956351526,fitted,,,sf_half_ppr
QB,10,16.28842379943429,fitted,,,sf_half_ppr
QB,11,15.603977873356323,fitted,,,sf_half_ppr
QB,12,14.948292632258873,fitted,,,sf_half_ppr
QB,13,14.320159540932613,fitted,,,sf_half_ppr
QB,14,13.718420847289444,fitted,,,sf_half_ppr
QB,15,13.141967448435933,fitted,,,sf_half_ppr
QB,16,12.58973684641515,fitted,,,sf_half_ppr
QB,17,12.060711189849053,fitted,,,sf_half_ppr
QB,18,11.553915397871819,fitted,,,sf_half_ppr
QB,19,11.068415362896209,fitted,,,sf_half_ppr
QB,20,10.603316228900432,fitted,,,sf_half_ppr
QB,21,10.15776074206202,fitted,,,sf_half_ppr
QB,22,9.730927670698753,fitted,,,sf_half_ppr
QB,23,9.322030291604255,fitted,,,sf_half_ppr
QB,24,8.93031493998837,fitted,,,sf_half_ppr
QB,25,8.555059620349612,fitted,,,sf_half_ppr
QB,26,8.195572675719292,fitted,,,sf_half_ppr
QB,27,7.851191512824524,fitted,,,sf_half_ppr
QB,28,7.5212813808203896,fitted,,,sf_half_ppr
QB,29,7.205234201340238,fitted,,,sf_half_ppr
QB,30,6.9024674477077435,fitted,,,sf_half_ppr
QB,31,6.612423071244905,fitted,,,sf_half_ppr
QB,32,6.334566472697002,fitted,,,sf_half_ppr
QB,33,6.068385516878666,fitted,,,sf_half_ppr
QB,34,5.813389588724929,fitted,,,sf_half_ppr
QB,35,5.569108689007362,fitted,,,sf_half_ppr
QB,36,5.335092568048569,fitted,,,sf_half_ppr
QB,37,5.11090989583835,fitted,,,sf_half_ppr
QB,38,4.896147467021903,fitted,,,sf_half_ppr
QB,39,4.69040943929472,fitted,,,sf_half_ppr
QB,40,4.493316603800446,fitted,,,sf_half_ppr
QB,41,4.3045056861868884,fitted,,,sf_half_ppr
QB,42,4.123628677031934,fitted,,,sf_half_ppr
QB,43,3.9503521904052277,fitted,,,sf_half_ppr
QB,44,3.7843568493833457,fitted,,,sf_half_ppr
QB,45,3.6253366973858485,fitted,,,sf_half_ppr
QB,46,3.472998634247235,fitted,,,sf_half_ppr
QB,47,3.32706187598537,fitted,,,sf_half_ppr
QB,48,3.187257437270643,fitted,,,sf_half_ppr
QB,49,3.053327635641994,fitted,,,sf_half_ppr
QB,50,2.925025616555959,fitted,,,sf_half_ppr
QB,51,2.8021148983933495,fitted,,,sf_half_ppr
QB,52,2.6843689365849195,fitted,,,sf_half_ppr
QB,53,2.5715707060526554,fitted,,,sf_half_ppr
QB,54,2.4635123011970355,fitted,,,sf_half_ppr
QB,55,2.3599945526929824,fitted,,,sf_half_ppr
QB,56,2.2608266603882026,fitted,,,sf_half_ppr
QB,57,2.16582584162728,fitted,,,sf_half_ppr
QB,58,2.0748169943533243,fitted,,,sf_half_ppr
QB,59,1.987632374366227,fitted,,,sf_half_ppr
QB,60,1.904111286142645,fitted,,,sf_half_ppr
QB,61,1.8240997866478514,fitted,,,sf_half_ppr
QB,62,1.7474504015935297,fitted,,,sf_half_ppr
QB,63,1.6740218536185238,fitted,,,sf_half_ppr
QB,64,1.6036788018915369,fitted,,,sf_half_ppr
QB,65,1.5362915926558351,fitted,,,sf_half_ppr
QB,66,1.4717360202561507,fitted,,,sf_half_ppr
QB,67,1.4098930982073328,fitted,,,sf_half_ppr
QB,68,1.350648839882782,fitted,,,sf_half_ppr
QB,69,1.293894048418441,fitted,,,sf_half_ppr
QB,70,1.2395241154451049,fitted,,,sf_half_ppr
QB,71,1.187438828278076,fitted,,,sf_half_ppr
QB,72,1.1375421852087844,fitted,,,sf_half_ppr
QB,73,1.0897422185579275,fitted,,,sf_half_ppr
QB,74,1.043950825163986,fitted,,,sf_half_ppr
QB,75,1.0000836039946766,fitted,,,sf_half_ppr
QB,76,0.9580597005820394,fitted,,,sf_half_ppr
QB,77,0.9178016579944176,fitted,,,sf_half_ppr
QB,78,0.8792352740706582,fitted,,,sf_half_ppr
QB,79,0.8422894646533828,fitted,,,sf_half_ppr
QB,80,0.8068961325692546,fitted,,,sf_half_ppr
RB,1,17.88182115607786,fitted,,,sf_half_ppr
RB,2,17.356636399176296,fitted,,,sf_half_ppr
RB,3,16.846876191400593,fitted,,,sf_half_ppr
RB,4,16.3520875174783,fitted,,,sf_half_ppr
RB,5,15.871830667085797,fitted,,,sf_half_ppr
RB,6,15.40567884408521,fitted,,,sf_half_ppr
RB,7,14.953217787237852,fitted,,,sf_half_ppr
RB,8,14.514045402057308,fitted,,,sf_half_ppr
RB,9,14.08777140347485,fitted,,,sf_half_ppr
RB,10,13.674016968999704,fitted,,,sf_half_ppr
RB,11,13.272414402065907,fitted,,,sf_half_ppr
RB,12,12.882606805266596,fitted,,,sf_half_ppr
RB,13,12.504247763185319,fitted,,,sf_half_ppr
RB,14,12.137001034542509,fitted,,,sf_half_ppr
RB,15,11.780540253383556,fitted,,,sf_half_ppr
RB,16,11.434548639042896,fitted,,,sf_half_ppr
RB,17,11.098718714626408,fitted,,,sf_half_ppr
RB,18,10.772752033761876,fitted,,,sf_half_ppr
RB,19,10.456358915374768,fitted,,,sf_half_ppr
RB,20,10.149258186253556,fitted,,,sf_half_ppr
RB,21,9.851176931175852,fitted,,,sf_half_ppr
RB,22,9.561850250373244,fitted,,,sf_half_ppr
RB,23,9.281021024119376,fitted,,,sf_half_ppr
RB,24,9.008439684231982,fitted,,,sf_half_ppr
RB,25,8.74386399228588,fitted,,,sf_half_ppr
RB,26,8.487058824339764,fitted,,,sf_half_ppr
RB,27,8.237795961985547,fitted,,,sf_half_ppr
RB,28,7.9958538895345255,fitted,,,sf_half_ppr
RB,29,7.761017597160115,fitted,,,sf_half_ppr
RB,30,7.533078389822282,fitted,,,sf_half_ppr
RB,31,7.3118337018037725,fitted,,,sf_half_ppr
RB,32,7.097086916693396,fitted,,,sf_half_ppr
RB,33,6.888647192656338,fitted,,,sf_half_ppr
RB,34,6.686329292836264,fitted,,,sf_half_ppr
RB,35,6.489953420738446,fitted,,,sf_half_ppr
RB,36,6.299345060447665,fitted,,,sf_half_ppr
RB,37,6.114334821538874,fitted,,,sf_half_ppr
RB,38,5.934758288542781,fitted,,,sf_half_ppr
RB,39,5.760455874832615,fitted,,,sf_half_ppr
RB,40,5.591272680802187,fitted,,,sf_half_ppr
RB,41,5.427058356209226,fitted,,,sf_half_ppr
RB,42,5.267666966561669,fitted,,,sf_half_ppr
RB,43,5.112956863428143,fitted,,,sf_half_ppr
RB,44,4.962790558557401,fitted,,,sf_half_ppr
RB,45,4.817034601694838,fitted,,,sf_half_ppr
RB,46,4.675559461987514,fitted,,,sf_half_ppr
RB,47,4.538239412872263,fitted,,,sf_half_ppr
RB,48,4.404952420344643,fitted,,,sf_half_ppr
RB,49,4.2755800345093595,fitted,,,sf_half_ppr
RB,50,4.150007284315861,fitted,,,sf_half_ppr
RB,51,4.028122575385511,fitted,,,sf_half_ppr
RB,52,3.9098175908395447,fitted,,,sf_half_ppr
RB,53,3.7949871950396963,fitted,,,sf_half_ppr
RB,54,3.683529340155937,fitted,,,sf_half_ppr
RB,55,3.5753449754782913,fitted,,,sf_half_ppr
RB,56,3.4703379593921486,fitted,,,sf_half_ppr
RB,57,3.368414973938838,fitted,,,sf_half_ppr
RB,58,3.269485441885535,fitted,,,sf_half_ppr
RB,59,3.173461446230806,fitted,,,sf_half_ppr
RB,60,3.0802576520742626,fitted,,,sf_half_ppr
RB,61,2.989791230780872,fitted,,,sf_half_ppr
RB,62,2.901981786372556,fitted,,,sf_half_ppr
RB,63,2.8167512840816413,fitted,,,sf_half_ppr
RB,64,2.7340239810026827,fitted,,,sf_half_ppr
RB,65,2.6537263587810282,fitted,,,sf_half_ppr
RB,66,2.5757870582782956,fitted,,,sf_half_ppr
RB,67,2.500136816156715,fitted,,,sf_half_ppr
RB,68,2.426708403325977,fitted,,,sf_half_ppr
RB,69,2.3554365651978713,fitted,,,sf_half_ppr
RB,70,2.2862579636956393,fitted,,,sf_half_ppr
RB,71,2.2191111209664993,fitted,,,sf_half_ppr
RB,72,2.1539363647473198,fitted,,,sf_half_ppr
RB,73,2.090675775334884,fitted,,,sf_half_ppr
RB,74,2.0292731341136325,fitted,,,sf_half_ppr
RB,75,1.9696738735951311,fitted,,,sf_half_ppr
RB,76,1.9118250289248655,fitted,,,sf_half_ppr
RB,77,1.8556751908132723,fitted,,,sf_half_ppr
RB,78,1.8011744598491735,fitted,,,sf_half_ppr
RB,79,1.7482744021550125,fitted,,,sf_half_ppr
RB,80,1.6969280063444871,fitted,,,sf_half_ppr
RB,81,1.6470896417443264,fitted,,,sf_half_ppr
RB,82,1.5987150178430818,fitted,,,sf_half_ppr
RB,83,1.5517611449309028,fitted,,,sf_half_ppr
RB,84,1.506186295895304,fitted,,,sf_half_ppr
RB,85,1.4619499691389894,fitted,,,sf_half_ppr
RB,86,1.4190128525867678,fitted,,,sf_half_ppr
RB,87,1.3773367887495747,fitted,,,sf_half_ppr
RB,88,1.3368847408145592,fitted,,,sf_half_ppr
RB,89,1.297620759731097,fitted,,,sf_half_ppr
RB,90,1.2595099522634714,fitted,,,sf_half_ppr
RB,91,1.2225184499818504,fitted,,,sf_half_ppr
RB,92,1.1866133791639846,fitted,,,sf_half_ppr
RB,93,1.151762831580884,fitted,,,sf_half_ppr
RB,94,1.1179358361405194,fitted,,,sf_half_ppr
RB,95,1.0851023313643327,fitted,,,sf_half_ppr
RB,96,1.0532331386721108,fitted,,,sf_half_ppr
RB,97,1.0222999364514762,fitted,,,sf_half_ppr
RB,98,0.9922752348889475,fitted,,,sf_half_ppr
RB,99,0.963132351540208,fitted,,,sf_half_ppr
RB,100,0.9348453876178702,fitted,,,sf_half_ppr
RB,101,0.9073892049756587,fitted,,,sf_half_ppr
RB,102,0.880739403768567,fitted,,,sf_half_ppr
RB,103,0.8548723007691277,fitted,,,sf_half_ppr
RB,104,0.8297649083205278,fitted,,,sf_half_ppr
RB,105,0.8053949139078702,fitted,,,sf_half_ppr
RB,106,0.7817406603294147,fitted,,,sf_half_ppr
RB,107,0.758781126450192,fitted,,,sf_half_ppr
RB,108,0.7364959085208767,fitted,,,sf_half_ppr
RB,109,0.7148652020453194,fitted,,,sf_half_ppr
RB,110,0.6938697841806265,fitted,,,sf_half_ppr
RB,111,0.6734909966541456,fitted,,,sf_half_ppr
RB,112,0.6537107291821731,fitted,,,sf_half_ppr
RB,113,0.6345114033756519,fitted,,,sf_half_ppr
RB,114,0.6158759571185549,fitted,,,sf_half_ppr
RB,115,0.5977878294050706,fitted,,,sf_half_ppr
RB,116,0.5802309456221171,fitted,,,sf_half_ppr
RB,117,0.563189703264107,fitted,,,sf_half_ppr
RB,118,0.5466489580672628,fitted,,,sf_half_ppr
RB,119,0.5305940105511667,fitted,,,sf_half_ppr
RB,120,0.515010592955581,fitted,,,sf_half_ppr
RB,121,0.49988485656093107,fitted,,,sf_half_ppr
WR,1,14.913977677707209,fitted,,,sf_half_ppr
WR,2,14.646099039508583,fitted,,,sf_half_ppr
WR,3,14.383031925529306,fitted,,,sf_half_ppr
WR,4,14.124689913180895,fitted,,,sf_half_ppr
WR,5,13.870988132161301,fitted,,,sf_half_ppr
WR,6,13.621843236573397,fitted,,,sf_half_ppr
WR,7,13.377173377544251,fitted,,,sf_half_ppr
WR,8,13.136898176336201,fitted,,,sf_half_ppr
WR,9,12.9009386979409,fitted,,,sf_half_ppr
WR,10,12.669217425147652,fitted,,,sf_half_ppr
WR,11,12.441658233077531,fitted,,,sf_half_ppr
WR,12,12.218186364174889,fitted,,,sf_half_ppr
WR,13,11.998728403648064,fitted,,,sf_half_ppr
WR,14,11.783212255351229,fitted,,,sf_half_ppr
WR,15,11.571567118099415,fitted,,,sf_half_ppr
WR,16,11.363723462408961,fitted,,,sf_half_ppr
WR,17,11.159613007655759,fitted,,,sf_half_ppr
WR,18,10.959168699643756,fitted,,,sf_half_ppr
WR,19,10.762324688576353,fitted,,,sf_half_ppr
WR,20,10.569016307423505,fitted,,,sf_half_ppr
WR,21,10.379180050677348,fitted,,,sf_half_ppr
WR,22,10.192753553489426,fitted,,,sf_half_ppr
WR,23,10.00967557118265,fitted,,,sf_half_ppr
WR,24,9.829885959131232,fitted,,,sf_half_ppr
WR,25,9.65332565300204,fitted,,,sf_half_ppr
WR,26,9.479936649350831,fitted,,,sf_half_ppr
WR,27,9.309661986566988,fitted,,,sf_half_ppr
WR,28,9.142445726160563,fitted,,,sf_half_ppr
WR,29,8.978232934385401,fitted,,,sf_half_ppr
WR,30,8.816969664192351,fitted,,,sf_half_ppr
WR,31,8.658602937506627,fitted,,,sf_half_ppr
WR,32,8.503080727823496,fitted,,,sf_half_ppr
WR,33,8.350351943116577,fitted,,,sf_half_ppr
WR,34,8.200366409053123,fitted,,,sf_half_ppr
WR,35,8.053074852510804,fitted,,,sf_half_ppr
WR,36,7.908428885390525,fitted,,,sf_half_ppr
WR,37,7.766380988720026,fitted,,,sf_half_ppr
WR,38,7.6268844970429726,fitted,,,sf_half_ppr
WR,39,7.489893583088476,fitted,,,sf_half_ppr
WR,40,7.355363242715938,fitted,,,sf_half_ppr
WR,41,7.223249280130345,fitted,,,sf_half_ppr
WR,42,7.093508293363091,fitted,,,sf_half_ppr
WR,43,6.966097660013605,fitted,,,sf_half_ppr
WR,44,6.840975523247073,fitted,,,sf_half_ppr
WR,45,6.7181007780436675,fitted,,,sf_half_ppr
WR,46,6.597433057694756,fitted,,,sf_half_ppr
WR,47,6.478932720541672,fitted,,,sf_half_ppr
WR,48,6.362560836952662,fitted,,,sf_half_ppr
WR,49,6.248279176533762,fitted,,,sf_half_ppr
WR,50,6.136050195569374,fitted,,,sf_half_ppr
WR,51,6.025837024688443,fitted,,,sf_half_ppr
WR,52,5.917603456752155,fitted,,,sf_half_ppr
WR,53,5.811313934959203,fitted,,,sf_half_ppr
WR,54,5.7069335411646955,fitted,,,sf_half_ppr
WR,55,5.604427984408874,fitted,,,sf_half_ppr
WR,56,5.5037635896518795,fitted,,,sf_half_ppr
WR,57,5.404907286710854,fitted,,,sf_half_ppr
WR,58,5.3078265993957485,fitted,,,sf_half_ppr
WR,59,5.212489634840283,fitted,,,sf_half_ppr
WR,60,5.118865073024516,fitted,,,sf_half_ppr
WR,61,5.026922156485624,fitted,,,sf_half_ppr
WR,62,4.936630680213487,fitted,,,sf_half_ppr
WR,63,4.847960981727762,fitted,,,sf_half_ppr
WR,64,4.7608839313331845,fitted,,,sf_half_ppr
WR,65,4.675370922549916,fitted,,,sf_half_ppr
WR,66,4.591393862715756,fitted,,,sf_half_ppr
WR,67,4.5089251637571754,fitted,,,sf_half_ppr
WR,68,4.427937733126096,fitted,,,sf_half_ppr
WR,69,4.348404964899471,fitted,,,sf_half_ppr
WR,70,4.270300731038736,fitted,,,sf_half_ppr
WR,71,4.193599372806241,fitted,,,sf_half_ppr
WR,72,4.118275692335864,fitted,,,sf_half_ppr
WR,73,4.044304944355032,fitted,,,sf_half_ppr
WR,74,3.9716628280554214,fitted,,,sf_half_ppr
WR,75,3.90032547910968,fitted,,,sf_half_ppr
WR,76,3.830269461831537,fitted,,,sf_half_ppr
WR,77,3.761471761476727,fitted,,,sf_half_ppr
WR,78,3.693909776682213,fitted,,,sf_half_ppr
WR,79,3.6275613120411987,fitted,,,sf_half_ppr
WR,80,3.5624045708115175,fitted,,,sf_half_ppr
WR,81,3.4984181477549785,fitted,,,sf_half_ppr
WR,82,3.4355810221053416,fitted,,,sf_half_ppr
WR,83,3.3738725506625897,fitted,,,sf_half_ppr
WR,84,3.3132724610112443,fitted,,,sf_half_ppr
WR,85,3.2537608448604853,fitted,,,sf_half_ppr
WR,86,3.1953181515038973,fitted,,,sf_half_ppr
WR,87,3.1379251813966893,fitted,,,sf_half_ppr
WR,88,3.0815630798482743,fitted,,,sf_half_ppr
WR,89,3.0262133308281443,fitted,,,sf_half_ppr
WR,90,2.9718577508829958,fitted,,,sf_half_ppr
WR,91,2.9184784831631205,fitted,,,sf_half_ppr
WR,92,2.8660579915560875,fitted,,,sf_half_ppr
WR,93,2.8145790549257916,fitted,,,sf_half_ppr
WR,94,2.764024761454983,fitted,,,sf_half_ppr
WR,95,2.7143785030894096,fitted,,,sf_half_ppr
WR,96,2.6656239700817537,fitted,,,sf_half_ppr
WR,97,2.6177451456335668,fitted,,,sf_half_ppr
WR,98,2.570726300633446,fitted,,,sf_half_ppr
WR,99,2.524551988489715,fitted,,,sf_half_ppr
WR,100,2.4792070400559294,fitted,,,sf_half_ppr
WR,101,2.4346765586475163,fitted,,,sf_half_ppr
WR,102,2.3909459151479293,fitted,,,sf_half_ppr
WR,103,2.3480007432027037,fitted,,,sf_half_ppr
WR,104,2.305826934499833,fitted,,,sf_half_ppr
WR,105,2.26441063413492,fitted,,,sf_half_ppr
WR,106,2.2237382360595728,fitted,,,sf_half_ppr
WR,107,2.183796378611558,fitted,,,sf_half_ppr
WR,108,2.144571940125239,fitted,,,sf_half_ppr
WR,109,2.1060520346208578,fitted,,,sf_half_ppr
WR,110,2.0682240075712417,fitted,,,sf_half_ppr
WR,111,2.03107543174455,fitted,,,sf_half_ppr
WR,112,1.9945941031216912,fitted,,,sf_half_ppr
WR,113,1.9587680368870664,fitted,,,sf_half_ppr
WR,114,1.92358546349133,fitted,,,sf_half_ppr
WR,115,1.889034824784866,fitted,,,sf_half_ppr
WR,116,1.8551047702207137,fitted,,,sf_half_ppr
WR,117,1.8217841531256982,fitted,,,sf_half_ppr
WR,118,1.7890620270385296,fitted,,,sf_half_ppr
WR,119,1.7569276421136866,fitted,,,sf_half_ppr
WR,120,1.7253704415898827,fitted,,,sf_half_ppr
WR,121,1.6943800583219688,fitted,,,sf_half_ppr
WR,122,1.6639463113751263,fitted,,,sf_half_ppr
WR,123,1.6340592026802363,fitted,,,sf_half_ppr
WR,124,1.6047089137493216,fitted,,,sf_half_ppr
WR,125,1.5758858024499862,fitted,,,sf_half_ppr
WR,126,1.547580399837787,fitted,,,sf_half_ppr
WR,127,1.5197834070455083,fitted,,,sf_half_ppr
WR,128,1.4924856922283027,fitted,,,sf_half_ppr
WR,129,1.4656782875637064,fitted,,,sf_half_ppr
WR,130,1.439352386305537,fitted,,,sf_half_ppr
WR,131,1.4134993398907092,fitted,,,sf_half_ppr
WR,132,1.3881106550980151,fitted,,,sf_half_ppr
WR,133,1.3631779912579398,fitted,,,sf_half_ppr
WR,134,1.3386931575125907,fitted,,,sf_half_ppr
WR,135,1.3146481101248422,fitted,,,sf_half_ppr
WR,136,1.2910349498358171,fitted,,,sf_half_ppr
WR,137,1.2678459192698266,fitted,,,sf_half_ppr
WR,138,1.245073400385924,fitted,,,sf_half_ppr
WR,139,1.2227099119752325,fitted,,,sf_half_ppr
WR,140,1.2007481072032247,fitted,,,sf_half_ppr
WR,141,1.1791807711961462,fitted,,,sf_half_ppr
WR,142,1.1580008186707926,fitted,,,sf_half_ppr
WR,143,1.137201291606855,fitted,,,sf_half_ppr
WR,144,1.1167753569610823,fitted,,,sf_half_ppr
WR,145,1.09671630442249,fitted,,,sf_half_ppr
WR,146,1.0770175442078982,fitted,,,sf_half_ppr
WR,147,1.05767260489706,fitted,,,sf_half_ppr
WR,148,1.038675131306676,fitted,,,sf_half_ppr
WR,149,1.020018882402595,fitted,,,sf_half_ppr
WR,150,1.0016977292495146,fitted,,,sf_half_ppr
WR,151,0.9837056529975096,fitted,,,sf_half_ppr
WR,152,0.966036742904721,fitted,,,sf_half_ppr
WR,153,0.9486851943955684,fitted,,,sf_half_ppr
WR,154,0.9316453071538334,fitted,,,sf_half_ppr
WR,155,0.9149114832499962,fitted,,,sf_half_ppr
WR,156,0.8984782253022094,fitted,,,sf_half_ppr
TE,1,11.180760476750127,fitted,,,sf_half_ppr
TE,2,10.70420284530143,fitted,,,sf_half_ppr
TE,3,10.247957533087568,fitted,,,sf_half_ppr
TE,4,9.811158767984733,fitted,,,sf_half_ppr
TE,5,9.392977679680355,fitted,,,sf_half_ppr
TE,6,8.99262072680696,fitted,,,sf_half_ppr
TE,7,8.60932819111629,fitted,,,sf_half_ppr
TE,8,8.242372735836254,fitted,,,sf_half_ppr
TE,9,7.8910580254750515,fitted,,,sf_half_ppr
TE,10,7.5547174044533865,fitted,,,sf_half_ppr
TE,11,7.232712632057347,fitted,,,sf_half_ppr
TE,12,6.924432671311403,fitted,,,sf_half_ppr
TE,13,6.629292529473277,fitted,,,sf_half_ppr
TE,14,6.346732147950409,fitted,,,sf_half_ppr
TE,15,6.076215339531515,fitted,,,sf_half_ppr
TE,16,5.817228770916545,fitted,,,sf_half_ppr
TE,17,5.5692809886142625,fitted,,,sf_half_ppr
TE,18,5.331901486358999,fitted,,,sf_half_ppr
TE,19,5.104639812276915,fitted,,,sf_half_ppr
TE,20,4.8870647141075185,fitted,,,sf_half_ppr
TE,21,4.678763320858413,fitted,,,sf_half_ppr
TE,22,4.479340359340376,fitted,,,sf_half_ppr
TE,23,4.288417404096075,fitted,,,sf_half_ppr
TE,24,4.105632159299075,fitted,,,sf_half_ppr
TE,25,3.9306377712604648,fitted,,,sf_half_ppr
TE,26,3.7631021702385254,fitted,,,sf_half_ppr
TE,27,3.602707440302446,fitted,,,sf_half_ppr
TE,28,3.449149216054342,fitted,,,sf_half_ppr
TE,29,3.302136105064797,fitted,,,sf_half_ppr
TE,30,3.161389134925935,fitted,,,sf_half_ppr
TE,31,3.026641223872763,fitted,,,sf_half_ppr
TE,32,2.897636673968208,fitted,,,sf_half_ppr
TE,33,2.7741306858901456,fitted,,,sf_half_ppr
TE,34,2.655888894399659,fitted,,,sf_half_ppr
TE,35,2.5426869236090375,fitted,,,sf_half_ppr
TE,36,2.43430996120559,fitted,,,sf_half_ppr
TE,37,2.330552350823322,fitted,,,sf_half_ppr
TE,38,2.2312172017889527,fitted,,,sf_half_ppr
TE,39,2.1361160155017385,fitted,,,sf_half_ppr
TE,40,2.045068327738103,fitted,,,sf_half_ppr
TE,41,1.9579013662023257,fitted,,,sf_half_ppr
TE,42,1.8744497226734451,fitted,,,sf_half_ppr
TE,43,1.7945550391262508,fitted,,,sf_half_ppr
TE,44,1.718065707230742,fitted,,,sf_half_ppr
TE,45,1.6448365806598182,fitted,,,sf_half_ppr
TE,46,1.574728699659289,fitted,,,sf_half_ppr
TE,47,1.5076090273575313,fitted,,,sf_half_ppr
TE,48,1.4433501973144238,fitted,,,sf_half_ppr
TE,49,1.3818302718305084,fitted,,,sf_half_ppr
TE,50,1.3229325105577379,fitted,,,sf_half_ppr
TE,51,1.26654514897273,fitted,,,sf_half_ppr
TE,52,1.2125611862921588,fitted,,,sf_half_ppr
TE,53,1.1608781824278298,fitted,,,sf_half_ppr
TE,54,1.1113980635961382,fitted,,,sf_half_ppr
TE,55,1.0640269362130397,fitted,,,sf_half_ppr
TE,56,1.018674908721374,fitted,,,sf_half_ppr
TE,57,0.9752559210124464,fitted,,,sf_half_ppr
TE,58,0.933687581118173,fitted,,,sf_half_ppr
TE,59,0.8938910088638968,fitted,,,sf_half_ppr
TE,60,0.8557906861851942,fitted,,,sf_half_ppr
TE,61,0.819314313824625,fitted,,,sf_half_ppr
TE,62,0.7843926741365016,fitted,,,sf_half_ppr
TE,63,0.7509594997393291,fitted,,,sf_half_ppr
TE,64,0.7189513477666739,fitted,,,sf_half_ppr
TE,65,0.6883074794778397,fitted,,,sf_half_ppr
TE,66,0.658969744999896,fitted,,,sf_half_ppr
TE,67,0.6308824729823505,fitted,,,sf_half_ppr
TE,68,0.6039923649550694,fitted,,,sf_half_ppr
TE,69,0.5782483941889814,fitted,,,sf_half_ppr
TE,70,0.5536017088676434,fitted,,,sf_half_ppr
TE,71,0.5300055393859231,fitted,,,sf_half_ppr
TE,72,0.507415109599893,fitted,,,sf_half_ppr
TE,73,0.48578755185951883,fitted,,,sf_half_ppr
TE,74,0.4650818256629118,fitted,,,sf_half_ppr
TE,75,0.44525863977777985,fitted,,,sf_half_ppr
TE,76,0.42628037768229815,fitted,,,sf_half_ppr
TE,77,0.4081110261839124,fitted,,,sf_half_ppr
TE,78,0.3907161070806248,fitted,,,sf_half_ppr
TE,79,0.37406261173508104,fitted,,,sf_half_ppr
TE,80,0.3581189384373055,fitted,,,sf_half_ppr
QB,1,22.78285714285714,empirical,4.0,3.0,sf_half_ppr
QB,2,21.439285714285717,empirical,4.0,4.0,sf_half_ppr
QB,3,20.14857142857143,empirical,4.0,4.0,sf_half_ppr
QB,4,19.652142857142856,empirical,4.0,4.0,sf_half_ppr
QB,5,18.357857142857142,empirical,4.0,4.0,sf_half_ppr
QB,6,18.114285714285714,empirical,4.0,4.0,sf_half_ppr
QB,7,17.82785714285714,empirical,4.0,4.0,sf_half_ppr
QB,8,17.237857142857145,empirical,4.0,4.0,sf_half_ppr
QB,9,16.801428571428573,empirical,4.0,2.0,sf_half_ppr
QB,10,16.559285714285714,empirical,4.0,4.0,sf_half_ppr
QB,11,16.139285714285712,empirical,4.0,4.0,sf_half_ppr
QB,12,15.794285714285714,empirical,4.0,4.0,sf_half_ppr
QB,13,15.412142857142857,empirical,4.0,4.0,sf_half_ppr
QB,14,15.28357142857143,empirical,4.0,4.0,sf_half_ppr
QB,15,14.575,empirical,4.0,3.0,sf_half_ppr
QB,16,14.278571428571428,empirical,4.0,4.0,sf_half_ppr
QB,17,14.132857142857143,empirical,4.0,4.0,sf_half_ppr
QB,18,13.300952380952381,empirical,4.0,3.0,sf_half_ppr
QB,19,12.797142857142857,empirical,4.0,4.0,sf_half_ppr
QB,20,12.622333333333334,empirical,4.0,4.0,sf_half_ppr
QB,21,12.290714285714285,empirical,4.0,4.0,sf_half_ppr
QB,22,11.84,empirical,4.0,4.0,sf_half_ppr
QB,23,11.420384615384616,empirical,4.0,4.0,sf_half_ppr
QB,24,11.015714285714285,empirical,4.0,4.0,sf_half_ppr
QB,25,10.69257142857143,empirical,4.0,3.0,sf_half_ppr
QB,26,10.291428571428572,empirical,4.0,4.0,sf_half_ppr
QB,27,9.604285714285712,empirical,4.0,4.0,sf_half_ppr
QB,28,9.357142857142858,empirical,4.0,4.0,sf_half_ppr
QB,29,8.630357142857143,empirical,4.0,3.0,sf_half_ppr
QB,30,8.564857142857143,empirical,4.0,4.0,sf_half_ppr
QB,31,8.221428571428572,empirical,4.0,4.0,sf_half_ppr
QB,32,7.445,empirical,4.0,4.0,sf_half_ppr
QB,33,6.576428571428572,empirical,4.0,4.0,sf_half_ppr
QB,34,6.078571428571429,empirical,4.0,4.0,sf_half_ppr
QB,35,5.515000000000001,empirical,4.0,4.0,sf_half_ppr
QB,36,4.840285714285715,empirical,4.0,4.0,sf_half_ppr
QB,37,3.934285714285714,empirical,4.0,4.0,sf_half_ppr
QB,38,3.7992857142857144,empirical,4.0,4.0,sf_half_ppr
QB,39,4.22,empirical,3.0,3.0,sf_half_ppr
QB,40,2.305,empirical,3.0,3.0,sf_half_ppr
QB,41,1.6914285714285715,empirical,3.0,3.0,sf_half_ppr
QB,42,1.065,empirical,3.0,3.0,sf_half_ppr
QB,43,0.7033333333333333,empirical,3.0,3.0,sf_half_ppr
QB,44,0.37714285714285717,empirical,3.0,3.0,sf_half_ppr
QB,45,0.0,empirical,3.0,3.0,sf_half_ppr
QB,46,0.0,empirical,3.0,3.0,sf_half_ppr
QB,47,0.0,empirical,2.0,2.0,sf_half_ppr
QB,48,0.0,empirical,2.0,2.0,sf_half_ppr
QB,49,0.0,empirical,2.0,2.0,sf_half_ppr
QB,50,0.0,empirical,1.0,1.0,sf_half_ppr
QB,51,0.0,empirical,1.0,1.0,sf_half_ppr
QB,52,-0.1,empirical,1.0,1.0,sf_half_ppr
RB,1,20.317857142857143,empirical,4.0,4.0,sf_half_ppr
RB,2,17.442857142857143,empirical,4.0,4.0,sf_half_ppr
RB,3,16.31642857142857,empirical,4.0,4.0,sf_half_ppr
RB,4,15.977142857142859,empirical,4.0,3.0,sf_half_ppr
RB,5,15.314285714285715,empirical,4.0,4.0,sf_half_ppr
RB,6,14.932142857142857,empirical,4.0,4.0,sf_half_ppr
RB,7,14.210714285714285,empirical,4.0,3.0,sf_half_ppr
RB,8,13.664285714285715,empirical,4.0,4.0,sf_half_ppr
RB,9,13.121428571428572,empirical,4.0,4.0,sf_half_ppr
RB,10,12.721428571428572,empirical,4.0,4.0,sf_half_ppr
RB,11,12.54642857142857,empirical,4.0,4.0,sf_half_ppr
RB,12,12.253571428571428,empirical,4.0,4.0,sf_half_ppr
RB,13,12.092857142857143,empirical,4.0,4.0,sf_half_ppr
RB,14,11.407142857142858,empirical,4.0,4.0,sf_half_ppr
RB,15,11.335714285714285,empirical,4.0,4.0,sf_half_ppr
RB,16,11.187857142857144,empirical,4.0,3.0,sf_half_ppr
RB,17,10.960714285714285,empirical,4.0,4.0,sf_half_ppr
RB,18,10.822619047619046,empirical,4.0,4.0,sf_half_ppr
RB,19,10.428571428571429,empirical,4.0,4.0,sf_half_ppr
RB,20,10.317857142857143,empirical,4.0,4.0,sf_half_ppr
RB,21,9.84357142857143,empirical,4.0,4.0,sf_half_ppr
RB,22,9.717857142857142,empirical,4.0,4.0,sf_half_ppr
RB,23,9.657142857142858,empirical,4.0,4.0,sf_half_ppr
RB,24,9.239285714285714,empirical,4.0,4.0,sf_half_ppr
RB,25,9.132142857142856,empirical,4.0,4.0,sf_half_ppr
RB,26,8.942857142857143,empirical,4.0,3.0,sf_half_ppr
RB,27,8.79642857142857,empirical,4.0,4.0,sf_half_ppr
RB,28,8.410714285714285,empirical,4.0,4.0,sf_half_ppr
RB,29,8.357142857142858,empirical,4.0,4.0,sf_half_ppr
RB,30,8.20357142857143,empirical,4.0,4.0,sf_half_ppr
RB,31,7.75,empirical,4.0,4.0,sf_half_ppr
RB,32,7.628571428571428,empirical,4.0,4.0,sf_half_ppr
RB,33,7.492857142857142,empirical,4.0,3.0,sf_half_ppr
RB,34,7.174999999999999,empirical,4.0,4.0,sf_half_ppr
RB,35,7.064285714285714,empirical,4.0,4.0,sf_half_ppr
RB,36,6.803571428571429,empirical,4.0,4.0,sf_half_ppr
RB,37,6.65,empirical,4.0,4.0,sf_half_ppr
RB,38,6.428571428571429,empirical,4.0,4.0,sf_half_ppr
RB,39,6.358928571428571,empirical,4.0,4.0,sf_half_ppr
RB,40,6.239285714285714,empirical,4.0,3.0,sf_half_ppr
RB,41,5.853571428571429,empirical,4.0,4.0,sf_half_ppr
RB,42,5.8125,empirical,4.0,4.0,sf_half_ppr
RB,43,5.637499999999999,empirical,4.0,4.0,sf_half_ppr
RB,44,5.564285714285714,empirical,4.0,4.0,sf_half_ppr
RB,45,5.425000000000001,empirical,4.0,4.0,sf_half_ppr
RB,46,5.171428571428572,empirical,4.0,4.0,sf_half_ppr
RB,47,5.098351648351648,empirical,4.0,4.0,sf_half_ppr
RB,48,4.994642857142857,empirical,4.0,4.0,sf_half_ppr
RB,49,4.914285714285715,empirical,4.0,4.0,sf_half_ppr
RB,50,4.7785714285714285,empirical,4.0,4.0,sf_half_ppr
RB,51,4.578571428571428,empirical,4.0,4.0,sf_half_ppr
RB,52,4.315,empirical,4.0,4.0,sf_half_ppr
RB,53,4.227747252747252,empirical,4.0,4.0,sf_half_ppr
RB,54,4.196428571428571,empirical,4.0,4.0,sf_half_ppr
RB,55,4.139285714285714,empirical,4.0,4.0,sf_half_ppr
RB,56,3.9642857142857144,empirical,4.0,4.0,sf_half_ppr
RB,57,3.901098901098901,empirical,4.0,4.0,sf_half_ppr
RB,58,3.607142857142857,empirical,4.0,4.0,sf_half_ppr
RB,59,3.510714285714286,empirical,4.0,4.0,sf_half_ppr
RB,60,3.462142857142857,empirical,4.0,4.0,sf_half_ppr
RB,61,3.1828571428571424,empirical,4.0,4.0,sf_half_ppr
RB,62,3.142857142857143,empirical,4.0,4.0,sf_half_ppr
RB,63,3.039935064935065,empirical,4.0,4.0,sf_half_ppr
RB,64,2.9875,empirical,4.0,4.0,sf_half_ppr
RB,65,2.9035714285714285,empirical,4.0,4.0,sf_half_ppr
RB,66,2.78125,empirical,4.0,4.0,sf_half_ppr
RB,67,2.678571428571429,empirical,4.0,4.0,sf_half_ppr
RB,68,2.262857142857143,empirical,4.0,4.0,sf_half_ppr
RB,69,1.9357142857142855,empirical,4.0,4.0,sf_half_ppr
RB,70,1.892142857142857,empirical,4.0,4.0,sf_half_ppr
RB,71,1.8607142857142858,empirical,4.0,4.0,sf_half_ppr
RB,72,1.7999999999999998,empirical,4.0,4.0,sf_half_ppr
RB,73,1.7214285714285715,empirical,4.0,4.0,sf_half_ppr
RB,74,1.6821428571428572,empirical,4.0,4.0,sf_half_ppr
RB,75,1.5464285714285715,empirical,4.0,4.0,sf_half_ppr
RB,76,1.5142857142857142,empirical,4.0,4.0,sf_half_ppr
RB,77,1.3107142857142857,empirical,4.0,4.0,sf_half_ppr
RB,78,1.251785714285714,empirical,4.0,4.0,sf_half_ppr
RB,79,1.225,empirical,4.0,3.0,sf_half_ppr
RB,80,1.2142857142857142,empirical,4.0,4.0,sf_half_ppr
RB,81,1.0994505494505495,empirical,4.0,4.0,sf_half_ppr
RB,82,1.0857142857142859,empirical,4.0,4.0,sf_half_ppr
RB,83,0.9357142857142857,empirical,4.0,4.0,sf_half_ppr
RB,84,0.875,empirical,4.0,4.0,sf_half_ppr
RB,85,0.7032467532467532,empirical,4.0,4.0,sf_half_ppr
RB,86,0.635989010989011,empirical,4.0,4.0,sf_half_ppr
RB,87,0.6357142857142857,empirical,4.0,4.0,sf_half_ppr
RB,88,0.611904761904762,empirical,4.0,4.0,sf_half_ppr
RB,89,0.5684523809523809,empirical,4.0,4.0,sf_half_ppr
RB,90,0.49583333333333335,empirical,4.0,4.0,sf_half_ppr
RB,91,0.42658730158730157,empirical,4.0,4.0,sf_half_ppr
RB,92,0.27499999999999997,empirical,4.0,4.0,sf_half_ppr
RB,93,0.42857142857142855,empirical,3.0,3.0,sf_half_ppr
RB,94,0.40714285714285714,empirical,3.0,3.0,sf_half_ppr
RB,95,0.3833333333333333,empirical,3.0,3.0,sf_half_ppr
RB,96,0.32857142857142857,empirical,3.0,3.0,sf_half_ppr
RB,97,0.25,empirical,3.0,3.0,sf_half_ppr
RB,98,0.21666666666666667,empirical,3.0,3.0,sf_half_ppr
RB,99,0.20714285714285713,empirical,3.0,3.0,sf_half_ppr
RB,100,0.19285714285714287,empirical,3.0,3.0,sf_half_ppr
RB,101,0.19285714285714284,empirical,3.0,3.0,sf_half_ppr
RB,102,0.18571428571428572,empirical,3.0,3.0,sf_half_ppr
RB,103,0.15714285714285717,empirical,3.0,3.0,sf_half_ppr
RB,104,0.15,empirical,3.0,3.0,sf_half_ppr
RB,105,0.1357142857142857,empirical,3.0,3.0,sf_half_ppr
RB,106,0.1142857142857143,empirical,3.0,2.0,sf_half_ppr
RB,107,0.08571428571428572,empirical,3.0,3.0,sf_half_ppr
RB,108,0.05384615384615385,empirical,3.0,3.0,sf_half_ppr
RB,109,0.01785714285714286,empirical,2.0,2.0,sf_half_ppr
RB,110,0.0,empirical,2.0,2.0,sf_half_ppr
RB,111,0.0,empirical,2.0,2.0,sf_half_ppr
RB,112,0.0,empirical,2.0,2.0,sf_half_ppr
RB,113,0.0,empirical,2.0,2.0,sf_half_ppr
RB,114,0.0,empirical,1.0,1.0,sf_half_ppr
RB,115,0.0,empirical,1.0,1.0,sf_half_ppr
RB,116,0.0,empirical,1.0,1.0,sf_half_ppr
RB,117,0.0,empirical,1.0,1.0,sf_half_ppr
RB,118,0.0,empirical,1.0,1.0,sf_half_ppr
RB,119,0.0,empirical,1.0,1.0,sf_half_ppr
RB,120,0.0,empirical,1.0,1.0,sf_half_ppr
RB,121,-0.03571428571428571,empirical,1.0,1.0,sf_half_ppr
TE,1,12.674999999999999,empirical,4.0,3.0,sf_half_ppr
TE,2,10.346428571428572,empirical,4.0,4.0,sf_half_ppr
TE,3,9.653571428571428,empirical,4.0,4.0,sf_half_ppr
TE,4,9.287500000000001,empirical,4.0,4.0,sf_half_ppr
TE,5,8.728571428571428,empirical,4.0,4.0,sf_half_ppr
TE,6,8.121428571428572,empirical,4.0,4.0,sf_half_ppr
TE,7,8.085714285714285,empirical,4.0,4.0,sf_half_ppr
TE,8,7.960714285714286,empirical,4.0,4.0,sf_half_ppr
TE,9,7.735714285714286,empirical,4.0,4.0,sf_half_ppr
TE,10,7.410714285714285,empirical,4.0,2.0,sf_half_ppr
TE,11,7.126428571428572,empirical,4.0,4.0,sf_half_ppr
TE,12,6.732142857142857,empirical,4.0,4.0,sf_half_ppr
TE,13,6.692857142857143,empirical,4.0,3.0,sf_half_ppr
TE,14,6.667857142857143,empirical,4.0,4.0,sf_half_ppr
TE,15,6.09375,empirical,4.0,3.0,sf_half_ppr
TE,16,5.985714285714286,empirical,4.0,4.0,sf_half_ppr
TE,17,5.793681318681319,empirical,4.0,4.0,sf_half_ppr
TE,18,5.664285714285715,empirical,4.0,3.0,sf_half_ppr
TE,19,5.514285714285714,empirical,4.0,4.0,sf_half_ppr
TE,20,5.342857142857143,empirical,4.0,4.0,sf_half_ppr
TE,21,5.117857142857143,empirical,4.0,4.0,sf_half_ppr
TE,22,4.942857142857143,empirical,4.0,4.0,sf_half_ppr
TE,23,4.860714285714286,empirical,4.0,4.0,sf_half_ppr
TE,24,4.621428571428572,empirical,4.0,4.0,sf_half_ppr
TE,25,4.4714285714285715,empirical,4.0,4.0,sf_half_ppr
TE,26,4.367857142857143,empirical,4.0,3.0,sf_half_ppr
TE,27,4.185714285714286,empirical,4.0,4.0,sf_half_ppr
TE,28,3.946428571428572,empirical,4.0,4.0,sf_half_ppr
TE,29,3.7928571428571427,empirical,4.0,4.0,sf_half_ppr
TE,30,3.592857142857143,empirical,4.0,4.0,sf_half_ppr
TE,31,3.5199999999999996,empirical,4.0,4.0,sf_half_ppr
TE,32,3.4557692307692305,empirical,4.0,4.0,sf_half_ppr
TE,33,3.2969780219780223,empirical,4.0,4.0,sf_half_ppr
TE,34,3.064285714285714,empirical,4.0,4.0,sf_half_ppr
TE,35,2.8464285714285715,empirical,4.0,4.0,sf_half_ppr
TE,36,2.6625,empirical,4.0,4.0,sf_half_ppr
TE,37,2.607142857142857,empirical,4.0,4.0,sf_half_ppr
TE,38,2.3642857142857143,empirical,4.0,4.0,sf_half_ppr
TE,39,2.2818681318681318,empirical,4.0,3.0,sf_half_ppr
TE,40,2.071428571428571,empirical,4.0,4.0,sf_half_ppr
TE,41,1.9500000000000002,empirical,4.0,4.0,sf_half_ppr
TE,42,1.842857142857143,empirical,3.0,3.0,sf_half_ppr
TE,43,1.475,empirical,3.0,3.0,sf_half_ppr
TE,44,1.3214285714285714,empirical,3.0,3.0,sf_half_ppr
TE,45,1.0964285714285713,empirical,3.0,3.0,sf_half_ppr
TE,46,0.8833333333333334,empirical,3.0,2.0,sf_half_ppr
TE,47,0.8285714285714285,empirical,3.0,3.0,sf_half_ppr
TE,48,0.33571428571428574,empirical,3.0,3.0,sf_half_ppr
TE,49,0.12142857142857144,empirical,3.0,3.0,sf_half_ppr
TE,50,0.08571428571428572,empirical,3.0,3.0,sf_half_ppr
TE,51,0.0,empirical,3.0,3.0,sf_half_ppr
TE,52,0.41500000000000004,empirical,2.0,2.0,sf_half_ppr
TE,53,0.6071428571428571,empirical,1.0,1.0,sf_half_ppr
TE,54,0.4857142857142857,empirical,1.0,1.0,sf_half_ppr
TE,55,0.0,empirical,1.0,1.0,sf_half_ppr
TE,56,0.0,empirical,1.0,1.0,sf_half_ppr
WR,1,19.807142857142857,empirical,4.0,4.0,sf_half_ppr
WR,2,17.021428571428572,empirical,4.0,4.0,sf_half_ppr
WR,3,15.545000000000002,empirical,4.0,4.0,sf_half_ppr
WR,4,14.935714285714287,empirical,4.0,4.0,sf_half_ppr
WR,5,13.678571428571429,empirical,4.0,4.0,sf_half_ppr
WR,6,12.875,empirical,4.0,4.0,sf_half_ppr
WR,7,12.575,empirical,4.0,4.0,sf_half_ppr
WR,8,11.942857142857143,empirical,4.0,4.0,sf_half_ppr
WR,9,11.614285714285714,empirical,4.0,4.0,sf_half_ppr
WR,10,11.482142857142858,empirical,4.0,4.0,sf_half_ppr
WR,11,11.214285714285714,empirical,4.0,4.0,sf_half_ppr
WR,12,11.114285714285714,empirical,4.0,4.0,sf_half_ppr
WR,13,10.853571428571428,empirical,4.0,4.0,sf_half_ppr
WR,14,10.707142857142859,empirical,4.0,4.0,sf_half_ppr
WR,15,10.542857142857141,empirical,4.0,4.0,sf_half_ppr
WR,16,10.460714285714285,empirical,4.0,4.0,sf_half_ppr
WR,17,10.385714285714286,empirical,4.0,4.0,sf_half_ppr
WR,18,10.232142857142856,empirical,4.0,3.0,sf_half_ppr
WR,19,10.128571428571428,empirical,4.0,4.0,sf_half_ppr
WR,20,9.95,empirical,4.0,4.0,sf_half_ppr
WR,21,9.625,empirical,4.0,4.0,sf_half_ppr
WR,22,9.514285714285714,empirical,4.0,4.0,sf_half_ppr
WR,23,9.355357142857143,empirical,4.0,4.0,sf_half_ppr
WR,24,9.307142857142857,empirical,4.0,4.0,sf_half_ppr
WR,25,9.160714285714285,empirical,4.0,4.0,sf_half_ppr
WR,26,9.064285714285715,empirical,4.0,4.0,sf_half_ppr
WR,27,9.014285714285716,empirical,4.0,4.0,sf_half_ppr
WR,28,8.803571428571429,empirical,4.0,4.0,sf_half_ppr
WR,29,8.776785714285715,empirical,4.0,4.0,sf_half_ppr
WR,30,8.632142857142858,empirical,4.0,4.0,sf_half_ppr
WR,31,8.571428571428573,empirical,4.0,4.0,sf_half_ppr
WR,32,8.525,empirical,4.0,4.0,sf_half_ppr
WR,33,8.468571428571428,empirical,4.0,4.0,sf_half_ppr
WR,34,8.346428571428572,empirical,4.0,4.0,sf_half_ppr
WR,35,8.157142857142857,empirical,4.0,4.0,sf_half_ppr
WR,36,8.1,empirical,4.0,4.0,sf_half_ppr
WR,37,8.067857142857143,empirical,4.0,4.0,sf_half_ppr
WR,38,7.960714285714285,empirical,4.0,4.0,sf_half_ppr
WR,39,7.882142857142856,empirical,4.0,4.0,sf_half_ppr
WR,40,7.682142857142857,empirical,4.0,4.0,sf_half_ppr
WR,41,7.525,empirical,4.0,4.0,sf_half_ppr
WR,42,7.460714285714285,empirical,4.0,4.0,sf_half_ppr
WR,43,7.411098901098901,empirical,4.0,4.0,sf_half_ppr
WR,44,7.1535714285714285,empirical,4.0,4.0,sf_half_ppr
WR,45,7.053571428571429,empirical,4.0,4.0,sf_half_ppr
WR,46,6.972142857142857,empirical,4.0,4.0,sf_half_ppr
WR,47,6.842857142857143,empirical,4.0,4.0,sf_half_ppr
WR,48,6.710714285714285,empirical,4.0,4.0,sf_half_ppr
WR,49,6.617857142857144,empirical,4.0,4.0,sf_half_ppr
WR,50,6.3901098901098905,empirical,4.0,4.0,sf_half_ppr
WR,51,6.335714285714285,empirical,4.0,4.0,sf_half_ppr
WR,52,6.25,empirical,4.0,4.0,sf_half_ppr
WR,53,6.189285714285714,empirical,4.0,4.0,sf_half_ppr
WR,54,5.915384615384616,empirical,4.0,4.0,sf_half_ppr
WR,55,5.860714285714286,empirical,4.0,4.0,sf_half_ppr
WR,56,5.796428571428571,empirical,4.0,4.0,sf_half_ppr
WR,57,5.781785714285714,empirical,4.0,4.0,sf_half_ppr
WR,58,5.728571428571428,empirical,4.0,4.0,sf_half_ppr
WR,59,5.628571428571428,empirical,4.0,4.0,sf_half_ppr
WR,60,5.35,empirical,4.0,4.0,sf_half_ppr
WR,61,5.235714285714286,empirical,4.0,4.0,sf_half_ppr
WR,62,5.142857142857142,empirical,4.0,4.0,sf_half_ppr
WR,63,5.0321428571428575,empirical,4.0,4.0,sf_half_ppr
WR,64,4.993406593406593,empirical,4.0,4.0,sf_half_ppr
WR,65,4.9035714285714285,empirical,4.0,4.0,sf_half_ppr
WR,66,4.867857142857144,empirical,4.0,3.0,sf_half_ppr
WR,67,4.8535714285714295,empirical,4.0,4.0,sf_half_ppr
WR,68,4.810714285714285,empirical,4.0,3.0,sf_half_ppr
WR,69,4.771428571428572,empirical,4.0,4.0,sf_half_ppr
WR,70,4.746428571428572,empirical,4.0,4.0,sf_half_ppr
WR,71,4.714285714285714,empirical,4.0,4.0,sf_half_ppr
WR,72,4.619642857142857,empirical,4.0,3.0,sf_half_ppr
WR,73,4.585714285714285,empirical,4.0,4.0,sf_half_ppr
WR,74,4.582142857142857,empirical,4.0,4.0,sf_half_ppr
WR,75,4.500396825396825,empirical,4.0,4.0,sf_half_ppr
WR,76,4.4157142857142855,empirical,4.0,4.0,sf_half_ppr
WR,77,4.296428571428572,empirical,4.0,4.0,sf_half_ppr
WR,78,4.196428571428571,empirical,4.0,4.0,sf_half_ppr
WR,79,4.178571428571429,empirical,4.0,4.0,sf_half_ppr
WR,80,4.121785714285714,empirical,4.0,4.0,sf_half_ppr
WR,81,4.027777777777778,empirical,4.0,4.0,sf_half_ppr
WR,82,3.9499999999999997,empirical,4.0,4.0,sf_half_ppr
WR,83,3.907142857142857,empirical,4.0,4.0,sf_half_ppr
WR,84,3.8494047619047618,empirical,4.0,4.0,sf_half_ppr
WR,85,3.8392857142857144,empirical,4.0,4.0,sf_half_ppr
WR,86,3.7847222222222223,empirical,4.0,4.0,sf_half_ppr
WR,87,3.7261904761904763,empirical,4.0,4.0,sf_half_ppr
WR,88,3.675,empirical,4.0,4.0,sf_half_ppr
WR,89,3.573901098901099,empirical,4.0,4.0,sf_half_ppr
WR,90,3.4892857142857148,empirical,4.0,4.0,sf_half_ppr
WR,91,3.442857142857143,empirical,4.0,4.0,sf_half_ppr
WR,92,3.3857142857142857,empirical,4.0,4.0,sf_half_ppr
WR,93,3.3321428571428573,empirical,4.0,4.0,sf_half_ppr
WR,94,3.2785714285714285,empirical,4.0,4.0,sf_half_ppr
WR,95,3.213392857142857,empirical,4.0,4.0,sf_half_ppr
WR,96,3.185714285714286,empirical,4.0,4.0,sf_half_ppr
WR,97,3.0392857142857146,empirical,4.0,4.0,sf_half_ppr
WR,98,2.9785714285714286,empirical,4.0,4.0,sf_half_ppr
WR,99,2.95,empirical,4.0,4.0,sf_half_ppr
WR,100,2.8271428571428574,empirical,4.0,4.0,sf_half_ppr
WR,101,2.716666666666667,empirical,4.0,4.0,sf_half_ppr
WR,102,2.682142857142857,empirical,4.0,4.0,sf_half_ppr
WR,103,2.6436507936507936,empirical,4.0,3.0,sf_half_ppr
WR,104,2.6414285714285715,empirical,4.0,4.0,sf_half_ppr
WR,105,2.617857142857143,empirical,4.0,4.0,sf_half_ppr
WR,106,2.5472222222222225,empirical,4.0,4.0,sf_half_ppr
WR,107,2.4256868131868132,empirical,4.0,4.0,sf_half_ppr
WR,108,2.3357142857142854,empirical,4.0,4.0,sf_half_ppr
WR,109,2.1142857142857143,empirical,4.0,4.0,sf_half_ppr
WR,110,2.02724358974359,empirical,4.0,4.0,sf_half_ppr
WR,111,1.9660714285714287,empirical,4.0,4.0,sf_half_ppr
WR,112,1.8392857142857144,empirical,4.0,4.0,sf_half_ppr
WR,113,1.7357142857142858,empirical,4.0,4.0,sf_half_ppr
WR,114,1.7857142857142858,empirical,3.0,3.0,sf_half_ppr
WR,115,1.7214285714285715,empirical,3.0,3.0,sf_half_ppr
WR,116,1.592857142857143,empirical,3.0,3.0,sf_half_ppr
WR,117,1.4428571428571428,empirical,3.0,3.0,sf_half_ppr
WR,118,1.4357142857142857,empirical,3.0,3.0,sf_half_ppr
WR,119,1.3642857142857143,empirical,3.0,3.0,sf_half_ppr
WR,120,1.3357142857142856,empirical,3.0,3.0,sf_half_ppr
WR,121,1.2214285714285715,empirical,3.0,3.0,sf_half_ppr
WR,122,1.2214285714285715,empirical,3.0,3.0,sf_half_ppr
WR,123,1.1857142857142857,empirical,3.0,3.0,sf_half_ppr
WR,124,1.1714285714285715,empirical,3.0,3.0,sf_half_ppr
WR,125,1.1666666666666667,empirical,3.0,3.0,sf_half_ppr
WR,126,1.1071428571428572,empirical,3.0,3.0,sf_half_ppr
WR,127,1.0857142857142856,empirical,3.0,3.0,sf_half_ppr
WR,128,0.925,empirical,3.0,3.0,sf_half_ppr
WR,129,0.8571428571428571,empirical,3.0,3.0,sf_half_ppr
WR,130,0.8428571428571429,empirical,3.0,3.0,sf_half_ppr
WR,131,0.7571428571428571,empirical,3.0,3.0,sf_half_ppr
WR,132,0.6785714285714286,empirical,3.0,3.0,sf_half_ppr
WR,133,0.6727272727272727,empirical,3.0,3.0,sf_half_ppr
WR,134,0.64,empirical,3.0,3.0,sf_half_ppr
WR,135,0.5785714285714284,empirical,3.0,3.0,sf_half_ppr
WR,136,0.5714285714285714,empirical,3.0,3.0,sf_half_ppr
WR,137,0.5071428571428571,empirical,3.0,3.0,sf_half_ppr
WR,138,0.41428571428571426,empirical,3.0,3.0,sf_half_ppr
WR,139,0.31,empirical,3.0,3.0,sf_half_ppr
WR,140,0.15714285714285717,empirical,3.0,3.0,sf_half_ppr
WR,141,0.10714285714285714,empirical,3.0,3.0,sf_half_ppr
WR,142,0.10714285714285714,empirical,3.0,3.0,sf_half_ppr
WR,143,0.0,empirical,3.0,3.0,sf_half_ppr
WR,144,0.0,empirical,3.0,3.0,sf_half_ppr
WR,145,0.0,empirical,3.0,3.0,sf_half_ppr
WR,146,0.0,empirical,3.0,3.0,sf_half_ppr
WR,147,0.0,empirical,3.0,3.0,sf_half_ppr
WR,148,0.0,empirical,3.0,3.0,sf_half_ppr
WR,149,0.0,empirical,2.0,2.0,sf_half_ppr
WR,150,0.0,empirical,1.0,1.0,sf_half_ppr
WR,151,0.0,empirical,1.0,1.0,sf_half_ppr
WR,152,0.0,empirical,1.0,1.0,sf_half_ppr
WR,153,0.0,empirical,1.0,1.0,sf_half_ppr
WR,154,0.0,empirical,1.0,1.0,sf_half_ppr
WR,155,0.0,empirical,1.0,1.0,sf_half_ppr
WR,156,-0.07857142857142858,empirical,1.0,1.0,sf_half_ppr
